Order ID,Email,Financial Status,Paid at,Fulfillment Status,Fulfilled at,Currency,Subtotal,Shipping,Taxes,Amount Refunded,Total,Discount Code,Discount Amount,Shipping Method,Created at,Lineitem quantity,Lineitem name,Lineitem price,Lineitem sku,Lineitem variant,Lineitem requires shipping,Lineitem taxable,Lineitem fulfillment status,Billing Name,Billing Address1,Billing Address2,Billing City,Billing Zip,Billing Province,Billing Country,Billing Phone,Shipping Name,Shipping Address1,Shipping Address2,Shipping City,Shipping Zip,Shipping Province,Shipping Country,Shipping Phone,Cancelled at,Private Notes,Channel Type,Channel Name,Channel Order Number,Product Form: Ticket Holder's Name,Product Form: Ticket Holder's Email,Product Form: Ticket Holder's Phone,Product Form: CSSC Policies,Product Form: What year are you in?,Payment Method,Payment Reference
02311,leajalbert@hotmail.fr,PAID,2024-01-09 20:58:12 -0500,pending,,CAD,74.00,0.00,0.00,0.00,74.00,,0.00,,2024-01-09 20:58:12 -0500,1,Mont-Tremblant (Jan 14th),74.00,SQ5213041,Lift Ticket Only,false,true,pending,Leo Bonomo,40 Rue Dante,,Montréal,H2S 1J5,QC,Canada,,,,,,,,,,,"[2024-01-10 20:16:50 -0500]
Leo Bonomo
514-716-7953",ONLINE,Squarespace,02311,Leo Bonomo,lbonomo@hotmail.ca,514-716-7953,"I have read,  understand, and will abide by the CSSC policies.",Ticket-Transfer,Stripe,ch_3OWr3YCK9oZyFSRq0Vpd8uZn
02310,charles.brsd@gmail.com,PAID,2024-01-09 18:58:54 -0500,pending,,CAD,74.00,0.00,0.00,0.00,74.00,,0.00,,2024-01-09 18:58:54 -0500,1,Mont-Tremblant (Jan 14th),74.00,SQ5213041,Lift Ticket Only,false,true,pending,Charles Brossard,3555 Rue Berri,716,Montréal,H2L 4G4,QC,Canada,,,,,,,,,,,,ONLINE,Squarespace,02310,Charles Brossard,charles.brsd@gmail.com," (438) 357-4364","I have read,  understand, and will abide by the CSSC policies.",Second Year,Stripe,ch_3OWpC7CK9oZyFSRq0hSG54kM
02309,bengengcai@gmail.com,PAID,2024-01-09 14:44:49 -0500,pending,,CAD,74.00,0.00,0.00,0.00,74.00,,0.00,,2024-01-09 14:44:49 -0500,1,Mont-Tremblant (Jan 14th),74.00,SQ5213041,Lift Ticket Only,false,true,pending,Bengeng Cai,3195 Avenue Ellendale,,Montréal,H3S 1W6,QC,Canada,,,,,,,,,,,,ONLINE,Squarespace,02309,Bengeng Cai,bengengcai@gmail.com," (514) 552-4688","I have read,  understand, and will abide by the CSSC policies.",Second Year,Stripe,ch_3OWlEDCK9oZyFSRq1gRuOpJ6
02308,henggu@me.com,PAID,2024-01-09 14:41:04 -0500,pending,,CAD,148.00,0.00,0.00,0.00,148.00,,0.00,,2024-01-09 14:41:04 -0500,1,Mont-Tremblant (Jan 14th),74.00,SQ5213041,Lift Ticket Only,false,true,pending,Heng Gu,7040 Rue Allard,347,Montreal,H8N 0C9,QC,Canada,,,,,,,,,,,,ONLINE,Squarespace,02308,Heng Gu,heng.leo.gu@gmail.com," (438) 458-1531","I have read,  understand, and will abide by the CSSC policies.",Not a Concordia student,Stripe,ch_3OWlAaCK9oZyFSRq1VXEDcqL
02308,,,,,,,,,,,,,,,,1,Mont-Tremblant (Jan 14th),74.00,SQ5213041,Lift Ticket Only,false,true,pending,,,,,,,,,,,,,,,,,,,,,,Ruijin Fu,evanfush@163.com," (438) 365-4797","I have read,  understand, and will abide by the CSSC policies.",Not a Concordia student,,
02307,philippine.delloye@polymtl.ca,PAID,2024-01-09 13:04:04 -0500,pending,,CAD,296.00,0.00,0.00,0.00,296.00,,0.00,,2024-01-09 13:04:04 -0500,1,Mont-Tremblant (Jan 14th),74.00,SQ5213041,Lift Ticket Only,false,true,pending,Philippine Delloye,5218 Rue rivard,,Montréal,H2J 2P1,QC,Canada,,,,,,,,,,,,ONLINE,Squarespace,02307,Maxence Deshaies,maxencedeshaies@gmail.com," (450) 516-4223","I have read,  understand, and will abide by the CSSC policies.",Not a Concordia student,Stripe,ch_3OWjejCK9oZyFSRq1AQAqBIb
02307,,,,,,,,,,,,,,,,1,Mont-Tremblant (Jan 14th),74.00,SQ5213041,Lift Ticket Only,false,true,pending,,,,,,,,,,,,,,,,,,,,,,Philippine Delloye,philippinedelloye@gmail.com," (438) 228-7868","I have read,  understand, and will abide by the CSSC policies.",Not a Concordia student,,
02307,,,,,,,,,,,,,,,,1,Mont-Tremblant (Jan 14th),74.00,SQ5213041,Lift Ticket Only,false,true,pending,,,,,,,,,,,,,,,,,,,,,,Emmanuelle BERG,Mamanouchka16@gmail.com," (438) 228-7868","I have read,  understand, and will abide by the CSSC policies.",Not a Concordia student,,
02307,,,,,,,,,,,,,,,,1,Mont-Tremblant (Jan 14th),74.00,SQ5213041,Lift Ticket Only,false,true,pending,,,,,,,,,,,,,,,,,,,,,,Clément Briant,clement974503@gmail.com," (438) 228-7868","I have read,  understand, and will abide by the CSSC policies.",Not a Concordia student,,
02306,m.naslcheraghi@gmail.com,PAID,2024-01-09 12:35:04 -0500,pending,,CAD,74.00,0.00,0.00,0.00,74.00,,0.00,,2024-01-09 12:35:04 -0500,1,Mont-Tremblant (Jan 14th),74.00,SQ5213041,Lift Ticket Only,false,true,pending,Mansour Naslcheraghi,5775 Wilderton Ave.,Apt. #308,Montréal,H3S2V7,QC,Canada,,,,,,,,,,,,ONLINE,Squarespace,02306,Mansour Naslcheraghi,m.naslcheraghi@gmail.com," (438) 855-4660","I have read,  understand, and will abide by the CSSC policies.",Alumni,Stripe,ch_3OWjCeCK9oZyFSRq0vNisqXW
02304,alcala.santiago03@gmail.com,PAID,2024-01-09 11:43:33 -0500,pending,,CAD,99.00,0.00,0.00,0.00,99.00,,0.00,,2024-01-09 11:43:33 -0500,1,Mont-Tremblant (Jan 14th),99.00,SQ5153114,Bus +Ticket,false,true,pending,Santiago Alcala,2000 Boulevard René-Lévesque Ouest,,Montréal,H3H 0B3,QC,Canada,,,,,,,,,,,,ONLINE,Squarespace,02304,Santiago Alcala,alcala.santiago03@gmail.com," (514) 951-9408","I have read,  understand, and will abide by the CSSC policies.",Second Year,Stripe,ch_3OWiOnCK9oZyFSRq1M4npFSE
02303,arno.jalbert@gmail.com,PAID,2024-01-09 10:46:57 -0500,pending,,CAD,99.00,0.00,0.00,0.00,99.00,,0.00,,2024-01-09 10:46:57 -0500,1,Mont-Tremblant (Jan 14th),99.00,SQ5153114,Bus +Ticket,false,true,pending,Arnaud Jalbert,2270 Rue Richard,,Jonquière,G7X 5V6,QC,Canada,,,,,,,,,,,,ONLINE,Squarespace,02303,Arnaud Jalbert,arno.jalbert@gmail.com," (819) 279-4097","I have read,  understand, and will abide by the CSSC policies.",Third Year+,Stripe,ch_3OWhW1CK9oZyFSRq0W4m1UAV
02302,pmartel@kroon.ca,PAID,2024-01-09 09:03:56 -0500,pending,,CAD,74.00,0.00,0.00,0.00,74.00,,0.00,,2024-01-09 09:03:56 -0500,1,Mont-Tremblant (Jan 14th),74.00,SQ5213041,Lift Ticket Only,false,true,pending,Philippe Martel,1405 Avenue de l'Église,,Montréal,H4E 1G3,QC,Canada,,,,,,,,,,,,ONLINE,Squarespace,02302,Philippe Martel,pmartel@kroon.ca," (514) 592-3132","I have read,  understand, and will abide by the CSSC policies.",Not a Concordia student,Stripe,ch_3OWfuLCK9oZyFSRq1QXRYIlr
02301,mparis03@hotmail.ca,PAID,2024-01-09 08:25:25 -0500,pending,,CAD,74.00,0.00,0.00,0.00,74.00,,0.00,,2024-01-09 08:25:25 -0500,1,Mont-Tremblant (Jan 14th),74.00,SQ5213041,Lift Ticket Only,false,true,pending,Méliane Paris,297 chemin de Price,,Mont-Joli,G5H 2B1,QC,Canada,,,,,,,,,,,,ONLINE,Squarespace,02301,Méliane Paris,mparis03@hotmail.ca," (581) 246-7098","I have read,  understand, and will abide by the CSSC policies.",Second Year,Stripe,ch_3OWfJ3CK9oZyFSRq12POf8gs
02300,mhidouraf@gmail.com,PAID,2024-01-09 08:10:08 -0500,pending,,CAD,74.00,0.00,0.00,0.00,74.00,,0.00,,2024-01-09 08:10:08 -0500,1,Mont-Tremblant (Jan 14th),74.00,SQ5213041,Lift Ticket Only,false,true,pending,Mehdi Raffali,5660 Avenue Decelles,202,Montréal,H3T1W6,QC,Canada,,,,,,,,,,,,ONLINE,Squarespace,02300,Mehdi Raffali,mhidouraf@gmail.com," (438) 508-7158","I have read,  understand, and will abide by the CSSC policies.",Third Year+,Stripe,ch_3OWf4GCK9oZyFSRq1y63fkjN
02299,emilien.bel@polymtl.ca,PAID,2024-01-09 08:04:30 -0500,pending,,CAD,74.00,0.00,0.00,0.00,74.00,,0.00,,2024-01-09 08:04:30 -0500,1,Mont-Tremblant (Jan 14th),74.00,SQ5213041,Lift Ticket Only,false,true,pending,Emilien Bel,17 Rue Marceau,,Le bouscat,33110,Nouvelle-Aquitaine,France,,,,,,,,,,,,ONLINE,Squarespace,02299,Emilien Bel,emilien.bel@polymtl.ca," (438) 788-5239","I have read,  understand, and will abide by the CSSC policies.",Second Year,Stripe,ch_3OWeyoCK9oZyFSRq0GPKVWL6
02298,jeandanglade1999@gmail.com,PAID,2024-01-08 20:41:21 -0500,pending,,CAD,74.00,0.00,0.00,0.00,74.00,,0.00,,2024-01-08 20:41:21 -0500,1,Mont-Tremblant (Jan 14th),74.00,SQ5213041,Lift Ticket Only,false,true,pending,Jean D'anglade,3445 AV RIDGEWOOD,app 500,Montreal,H3V1B7,QC,Canada,,,,,,,,,,,,ONLINE,Squarespace,02298,Jean D'anglade,jeandanglade1999@gmail.com," (438) 391-5666","I have read,  understand, and will abide by the CSSC policies.",Third Year+,Stripe,ch_3OWUJhCK9oZyFSRq04hPIsdu
02297,anas.elhanafi004@gmail.com,PAID,2024-01-08 19:58:28 -0500,pending,,CAD,74.00,0.00,0.00,0.00,74.00,,0.00,,2024-01-08 19:58:28 -0500,1,Mont-Tremblant (Jan 14th),74.00,SQ5213041,Lift Ticket Only,false,true,pending,Anas El Hanafi,6 Square Sarah Bernhardt,,Buchelay,78200,,France,,,,,,,,,,,,ONLINE,Squarespace,02297,Anas El Hanafi,anas.elhanafi004@gmail.com," (438) 788-9916","I have read,  understand, and will abide by the CSSC policies.",Not a Concordia student,Stripe,ch_3OWTeDCK9oZyFSRq1dMh7K85
02296,amelilorans@gmail.com,PAID,2024-01-08 18:51:37 -0500,pending,,CAD,74.00,0.00,0.00,0.00,74.00,,0.00,,2024-01-08 18:51:37 -0500,1,Mont-Tremblant (Jan 14th),74.00,SQ5213041,Lift Ticket Only,false,true,pending,Amélie Lorans,5584 Rue St-Urbain,,Montréal,H2T 2X3,QC,Canada,,,,,,,,,,,,ONLINE,Squarespace,02296,Amélie Lorans,amelilorans@gmail.com," (438) 738-6964","I have read,  understand, and will abide by the CSSC policies.",Not a Concordia student,Stripe,ch_3OWSbVCK9oZyFSRq0icR5tIS
02295,talelolli@gmail.com,PAID,2024-01-08 17:52:39 -0500,pending,,CAD,74.00,0.00,0.00,0.00,74.00,,0.00,,2024-01-08 17:52:39 -0500,1,Mont-Tremblant (Jan 14th),74.00,SQ5213041,Lift Ticket Only,false,true,pending,Talel Ghayaza,3525 Boulevard Edouard Montpetit,,Montreal,H3T 1K6,QC,Canada,,,,,,,,,,,,ONLINE,Squarespace,02295,Talel Ghayaza,talelolli@gmail.com," (438) 497-9614","I have read,  understand, and will abide by the CSSC policies.",Second Year,Stripe,ch_3OWRgRCK9oZyFSRq03HSmiI3
02294,martincasacci193@gmail.com,PAID,2024-01-08 17:10:19 -0500,pending,,CAD,74.00,0.00,0.00,0.00,74.00,,0.00,,2024-01-08 17:10:19 -0500,1,Mont-Tremblant (Jan 14th),74.00,SQ5213041,Lift Ticket Only,false,true,pending,Martin Casacci,4859 Avenue Victoria,,Montreal,H3W 2M9,QC,Canada,,,,,,,,,,,,ONLINE,Squarespace,02294,Martin Casacci,martincasacci193@gmail.com," (438) 868-8120","I have read,  understand, and will abide by the CSSC policies.",Not a Concordia student,Stripe,ch_3OWR1UCK9oZyFSRq1tqESkHe
02293,1692926456@qq.com,PAID,2024-01-08 17:08:50 -0500,pending,,CAD,74.00,0.00,0.00,0.00,74.00,,0.00,,2024-01-08 17:08:50 -0500,1,Mont-Tremblant (Jan 14th),74.00,SQ5213041,Lift Ticket Only,false,true,pending,Hang Dong,1050 Drummond,2402,Montreal,H3g0b3,QC,Canada,,,,,,,,,,,,ONLINE,Squarespace,02293,hang Dong,donghang2017@outlook.com," (514) 605-9461","I have read,  understand, and will abide by the CSSC policies.",Not a Concordia student,Stripe,ch_3OWR02CK9oZyFSRq1X7wx8F2
02292,tonyawaad04@gmail.com,PAID,2024-01-08 10:27:30 -0500,pending,,CAD,74.00,0.00,0.00,0.00,74.00,,0.00,,2024-01-08 10:27:30 -0500,1,Mont-Tremblant (Jan 14th),74.00,SQ5213041,Lift Ticket Only,false,true,pending,Tony Awaad,1555 Boulevard René-Lévesque Ouest,,Montréal,H3G 0G9,QC,Canada,,,,,,,,,,,,ONLINE,Squarespace,02292,Tony Awaad,tonyawaad04@gmail.com," (438) 372-1246","I have read,  understand, and will abide by the CSSC policies.",Second Year,Stripe,ch_3OWKjeCK9oZyFSRq1zI4aaj9
02291,danielroikhman@gmail.com,PAID,2024-01-08 10:19:11 -0500,pending,,CAD,74.00,0.00,0.00,0.00,74.00,,0.00,,2024-01-08 10:19:11 -0500,1,Mont-Tremblant (Jan 14th),74.00,SQ5213041,Lift Ticket Only,false,true,pending,Daniel Roikhman,708-7460 kingsley,708,Côté st luc,H4W1P3,QC,Canada,,,,,,,,,,,,ONLINE,Squarespace,02291,Daniel Roikhman,danielroikhman@gmail.com," (514) 647-9255","I have read,  understand, and will abide by the CSSC policies.",Second Year,Stripe,ch_3OWKbcCK9oZyFSRq1OIwH7cV
02290,nolan.cal@icloud.com,PAID,2024-01-07 23:57:25 -0500,pending,,CAD,74.00,0.00,0.00,0.00,74.00,,0.00,,2024-01-07 23:57:25 -0500,1,Mont-Tremblant (Jan 14th),74.00,SQ5213041,Lift Ticket Only,false,true,pending,Nolan Caldwell,2780 ave willowdale,1,montreal,h3t 1h5,QC,Canada,,,,,,,,,,,,ONLINE,Squarespace,02290,nolan caldwell,nolan.cal@icloud.com," (647) 221-7722","I have read,  understand, and will abide by the CSSC policies.",Not a Concordia student,Stripe,ch_3OWAttCK9oZyFSRq1v5Psyn5
02289,derekgaochen@gmail.com,PAID,2024-01-07 23:42:42 -0500,pending,,CAD,148.00,0.00,0.00,0.00,148.00,,0.00,,2024-01-07 23:42:42 -0500,1,Mont-Tremblant (Jan 14th),74.00,SQ5213041,Lift Ticket Only,false,true,pending,Derek Chen,1434 Rue de Maricourt,,Montreal,H4E 1V3,QC,Canada,,,,,,,,,,,,ONLINE,Squarespace,02289,Derek Chen,derekgaochen@gmail.com," (514) 585-2928","I have read,  understand, and will abide by the CSSC policies.",Not a Concordia student,Stripe,ch_3OWAfeCK9oZyFSRq1cUZEv6T
02289,,,,,,,,,,,,,,,,1,Mont-Tremblant (Jan 14th),74.00,SQ5213041,Lift Ticket Only,false,true,pending,,,,,,,,,,,,,,,,,,,,,,Athena Wang,derekgaochen@gmail.com," (514) 585-2928","I have read,  understand, and will abide by the CSSC policies.",Not a Concordia student,,
02288,galley.shea@gmail.com,PAID,2024-01-07 21:24:09 -0500,pending,,CAD,74.00,0.00,0.00,0.00,74.00,,0.00,,2024-01-07 21:24:09 -0500,1,Mont-Tremblant (Jan 14th),74.00,SQ5213041,Lift Ticket Only,false,true,pending,Shea Galley,316 Rue Murray,203,Montréal,H3C 2E2,QC,Canada,,,,,,,,,,,,ONLINE,Squarespace,02288,Shea Galley,galley.shea@gmail.com," (514) 443-0070","I have read,  understand, and will abide by the CSSC policies.",Alumni,Stripe,ch_3OW8VaCK9oZyFSRq13pDts9v
02287,vpeuriot@gmail.com,PAID,2024-01-07 21:23:31 -0500,pending,,CAD,74.00,0.00,0.00,0.00,74.00,,0.00,,2024-01-07 21:23:31 -0500,1,Mont-Tremblant (Jan 14th),74.00,SQ5213041,Lift Ticket Only,false,true,pending,Victoria Peuriot,2076 Sherbrooke St W,3,Montréal,H3H 1G5,QC,Canada,,,,,,,,,,,,ONLINE,Squarespace,02287,Victoria Peuriot,vpeuriot@gmail.com," (438) 493-3124","I have read,  understand, and will abide by the CSSC policies.",First Year,Stripe,ch_3OW8UxCK9oZyFSRq03paxdV5
02286,liane.villemure@hotmail.com,PAID,2024-01-07 21:22:14 -0500,pending,,CAD,74.00,0.00,0.00,0.00,74.00,,0.00,,2024-01-07 21:22:14 -0500,1,Mont-Tremblant (Jan 14th),74.00,SQ5213041,Lift Ticket Only,false,true,pending,Liane Villemure,500 avenue Mousseau-Vermette,apt 235,Dorval,H9S 0A5,QC,Canada,,,,,,,,,,,,ONLINE,Squarespace,02286,Liane Villemure,liane.villemure@hotmail.com," (438) 275-0863","I have read,  understand, and will abide by the CSSC policies.",Third Year+,Stripe,ch_3OW8TjCK9oZyFSRq1U6lJSIA
02285,chupy35@gmail.com,PAID,2024-01-07 20:52:47 -0500,pending,,CAD,148.00,0.00,0.00,0.00,148.00,,0.00,,2024-01-07 20:52:47 -0500,1,Mont-Tremblant (Jan 14th),74.00,SQ5213041,Lift Ticket Only,false,true,pending,Javier Rosales,"4249 Av Bannantyne, Verdun",,Montréal,H4G 1C6,QC,Canada,,,,,,,,,,,,ONLINE,Squarespace,02285,Javier Rosales,chupy35@gmail.com," (438) 408-1575","I have read,  understand, and will abide by the CSSC policies.",Not a Concordia student,Stripe,ch_3OW81DCK9oZyFSRq0hs7cXX2
02285,,,,,,,,,,,,,,,,1,Mont-Tremblant (Jan 14th),74.00,SQ5213041,Lift Ticket Only,false,true,pending,,,,,,,,,,,,,,,,,,,,,,Li-Anne Audet-Poirier,lily_221@live.fr," (514) 625-4475","I have read,  understand, and will abide by the CSSC policies.",Not a Concordia student,,
02284,ophelie.salice@gmail.com,PAID,2024-01-06 18:24:19 -0500,pending,,CAD,148.00,0.00,0.00,0.00,148.00,,0.00,,2024-01-06 18:24:19 -0500,1,Mont-Tremblant (Jan 14th),74.00,SQ5213041,Lift Ticket Only,false,true,pending,Ophelie Salice,48 Rue Lamarche,,Dollard-des-Ormeaux,H9B 3E4,QC,Canada,,,,,,,,,,,,ONLINE,Squarespace,02284,Jonathan Zhang,2000jonathanzhang@gmail.com," (514) 570-8241","I have read,  understand, and will abide by the CSSC policies.",Not a Concordia student,Stripe,ch_3OVjDzCK9oZyFSRq0kt4q9U8
02284,,,,,,,,,,,,,,,,1,Mont-Tremblant (Jan 14th),74.00,SQ5213041,Lift Ticket Only,false,true,pending,,,,,,,,,,,,,,,,,,,,,,Ophelie Salice,ophelie.salice@gmail.com," (514) 585-4324","I have read,  understand, and will abide by the CSSC policies.",Third Year+,,
02283,joa.adler@laposte.net,PAID,2024-01-06 17:05:42 -0500,pending,,CAD,74.00,0.00,0.00,0.00,74.00,,0.00,,2024-01-06 17:05:42 -0500,1,Mont-Tremblant (Jan 14th),74.00,SQ5213041,Lift Ticket Only,false,true,pending,Joannie Adler,11 McDonald Avenue,Unit C,Cornwall,K6J 2Y8,ON,Canada,,,,,,,,,,,,ONLINE,Squarespace,02283,Joannie ADLER,joa.adler@laposte.net," (438) 388-0992","I have read,  understand, and will abide by the CSSC policies.",Not a Concordia student,Stripe,ch_3OVhzuCK9oZyFSRq0FU1wZ2U
02282,mkdesai11@gmail.com,PAID,2024-01-05 22:10:40 -0500,pending,,CAD,74.00,0.00,0.00,0.00,74.00,,0.00,,2024-01-05 22:10:40 -0500,1,Mont-Tremblant (Jan 14th),74.00,SQ5213041,Lift Ticket Only,false,true,pending,Mohit Desai,61 Frasson Drive,,Guelph,N1E0M2,ON,Canada,,,,,,,,,,,,ONLINE,Squarespace,02282,Mohit Desai,mkdesai11@gmail.com," (519) 588-3075","I have read,  understand, and will abide by the CSSC policies.",Not a Concordia student,Stripe,ch_3OVQHVCK9oZyFSRq1PSXiV2W
02281,punittrivedi@icloud.com,PAID,2024-01-05 22:08:16 -0500,pending,,CAD,74.00,0.00,0.00,0.00,74.00,,0.00,,2024-01-05 22:08:16 -0500,1,Mont-Tremblant (Jan 14th),74.00,SQ5213041,Lift Ticket Only,false,true,pending,Punit Trivedi,98 Rue Charlotte,765,Montreal,H3X3V2,QC,Canada,,,,,,,,,,,,ONLINE,Squarespace,02281,Punit Trivedi,punithtrivedi@gmail.com," (514) 726-4155","I have read,  understand, and will abide by the CSSC policies.",Alumni,Stripe,ch_3OVQFACK9oZyFSRq12xZlgNu
02280,trivediyash53011@gmail.com,PAID,2024-01-05 22:04:50 -0500,pending,,CAD,74.00,0.00,0.00,0.00,74.00,,0.00,,2024-01-05 22:04:50 -0500,1,Mont-Tremblant (Jan 14th),74.00,SQ5213041,Lift Ticket Only,false,true,pending,Yash Trivedi,3566 Rue Joseph,,Montréal,H4G 1J1,QC,Canada,,,,,,,,,,,,ONLINE,Squarespace,02280,Yash Trivedi,trivediyash53011@gmail.com," (438) 929-0336","I have read,  understand, and will abide by the CSSC policies.",Alumni,Stripe,ch_3OVQBqCK9oZyFSRq0KCb1VAU
02279,parambase@icloud.com,PAID,2024-01-05 22:03:00 -0500,pending,,CAD,74.00,0.00,0.00,0.00,74.00,,0.00,,2024-01-05 22:03:00 -0500,1,Mont-Tremblant (Jan 14th),74.00,SQ5213041,Lift Ticket Only,false,true,pending,Param Trivedi,9550 Rue Des Rubaniers,8,Brossard,J4x2y3,QC,Canada,,,,,,,,,,,,ONLINE,Squarespace,02279,Param Trivedi,parambase@icloud.com," (514) 928-9292","I have read,  understand, and will abide by the CSSC policies.",Alumni,Stripe,ch_3OVQA4CK9oZyFSRq13UQ7ADU
02278,jarrydm11@gmail.com,PAID,2024-01-05 15:52:36 -0500,pending,,CAD,74.00,0.00,0.00,0.00,74.00,,0.00,,2024-01-05 15:52:36 -0500,1,Mont-Tremblant (Jan 14th),74.00,SQ5213041,Lift Ticket Only,false,true,pending,Jarryd MacDonald,325 Vancouver Street,,Victoria,V8V 3T2,BC,Canada,,,,,,,,,,,,ONLINE,Squarespace,02278,Jarryd MacDonald,jarrydm11@gmail.com," (250) 812-9060","I have read,  understand, and will abide by the CSSC policies.",First Year,Stripe,ch_3OVKNcCK9oZyFSRq0WEImsUp
02277,v.delaveau@gmail.com,PAID,2024-01-05 13:01:12 -0500,pending,,CAD,148.00,0.00,0.00,0.00,148.00,,0.00,,2024-01-05 13:01:12 -0500,1,Mont-Tremblant (Jan 14th),74.00,SQ5213041,Lift Ticket Only,false,true,pending,Vanessa Delaveau,252 Bellwood Drive,,Cornwall,K6H 7M3,ON,Canada,,,,,,,,,,,,ONLINE,Squarespace,02277,Vanessa Delaveau,v.delaveau@gmail.com," (343) 585-2258","I have read,  understand, and will abide by the CSSC policies.",Not a Concordia student,Stripe,ch_3OVHhlCK9oZyFSRq0IKAvgvV
02277,,,,,,,,,,,,,,,,1,Mont-Tremblant (Jan 14th),74.00,SQ5213041,Lift Ticket Only,false,true,pending,,,,,,,,,,,,,,,,,,,,,,Amandine Sanner,v.delaveau@gmail.com," (343) 585-2259","I have read,  understand, and will abide by the CSSC policies.",Not a Concordia student,,
02276,andreibarbulescu17@gmail.com,PAID,2024-01-04 20:38:10 -0500,pending,,CAD,74.00,0.00,0.00,0.00,74.00,,0.00,,2024-01-04 20:38:10 -0500,1,Mont-Tremblant (Jan 14th),74.00,SQ5213041,Lift Ticket Only,false,true,pending,Andrei Barbulescu,"205, Bouchard",App 3,Dorval,H9S 1A9,QC,Canada,,,,,,,,,,,,ONLINE,Squarespace,02276,Andrei Barbulescu,andreibarbulescu17@gmail.com," (438) 528-8332","I have read,  understand, and will abide by the CSSC policies.",Third Year+,Stripe,ch_3OV2MRCK9oZyFSRq0d93195s
02275,evakyne9@gmail.com,PAID,2024-01-03 14:07:39 -0500,pending,,CAD,74.00,0.00,0.00,0.00,74.00,,0.00,,2024-01-03 14:07:39 -0500,1,Mont-Tremblant (Jan 14th),74.00,SQ5213041,Lift Ticket Only,false,true,pending,Eva Kyne,1998 Cochrane Street,,Victoria,V8R 3H5,BC,Canada,,,,,,,,,,,,ONLINE,Squarespace,02275,Eva Kyne,evakyne9@gmail.com," (250) 634-1499","I have read,  understand, and will abide by the CSSC policies.",Alumni,Stripe,ch_3OUZmyCK9oZyFSRq04E9D3ig
02274,jackadrumdude@gmail.com,PAID,2024-01-03 13:59:33 -0500,pending,,CAD,74.00,0.00,0.00,0.00,74.00,,0.00,,2024-01-03 13:59:33 -0500,1,Mont-Tremblant (Jan 14th),74.00,SQ5213041,Lift Ticket Only,false,true,pending,Jack Kyne,1998 Cochrane Street,,Victoria,V8R 3H5,BC,Canada,,,,,,,,,,,,ONLINE,Squarespace,02274,Jack Kyne,jackadrumdude@gmail.com," (250) 857-0786","I have read,  understand, and will abide by the CSSC policies.",Third Year+,Stripe,ch_3OUZf8CK9oZyFSRq1M1cwZjl
02273,1978265272@qq.com,PAID,2024-01-03 13:31:56 -0500,pending,,CAD,148.00,0.00,0.00,0.00,148.00,,0.00,,2024-01-03 13:31:56 -0500,1,Mont-Tremblant (Jan 14th),74.00,SQ5213041,Lift Ticket Only,false,true,pending,Yuhan Xiao,350 Boulevard de Maisonneuve O,511,Montreal,H3A 0B4,QC,Canada,,,,,,,,,,,,ONLINE,Squarespace,02273,Yuhan Xiao,valderxiao@gmail.com," (514) 586-0797","I have read,  understand, and will abide by the CSSC policies.",Alumni,Stripe,ch_3OUZEOCK9oZyFSRq072xwhPn
02273,,,,,,,,,,,,,,,,1,Mont-Tremblant (Jan 14th),74.00,SQ5213041,Lift Ticket Only,false,true,pending,,,,,,,,,,,,,,,,,,,,,,Tairan Wang,tairanwang12@gmail.com," (819) 919-5889","I have read,  understand, and will abide by the CSSC policies.",Alumni,,
02272,tonyyangzehao@gmail.com,PAID,2024-01-03 00:23:31 -0500,pending,,CAD,74.00,0.00,0.00,0.00,74.00,,0.00,,2024-01-03 00:23:31 -0500,1,Mont-Tremblant (Jan 14th),74.00,SQ5213041,Lift Ticket Only,false,true,pending,Zehao Yang,405 Rue de la Concorde,,Montreal,H3A 0H1,QC,Canada,,,,,,,,,,,,ONLINE,Squarespace,02272,Tony Yang,tonyyangzehao@gmail.com," (438) 941-2953","I have read,  understand, and will abide by the CSSC policies.",Not a Concordia student,Stripe,ch_3OUMvQCK9oZyFSRq1opZMCpU
02271,kairyan17@gmail.com,PAID,2024-01-02 22:26:48 -0500,pending,,CAD,74.00,0.00,0.00,0.00,74.00,,0.00,,2024-01-02 22:26:48 -0500,1,Mont-Tremblant (Jan 14th),74.00,SQ5213041,Lift Ticket Only,false,true,pending,Kai Ryan,170 Bld René Lévesque Est,,Montréal,H2X 0G1,QC,Canada,,,,,,,,,,,,ONLINE,Squarespace,02271,Kai Ryan,kairyan17@gmail.com," (978) 549-6170","I have read,  understand, and will abide by the CSSC policies.",Not a Concordia student,Stripe,ch_3OUL6SCK9oZyFSRq0bIsocp7
02270,marcusdela13@gmail.com,PAID,2024-01-02 13:29:47 -0500,pending,,CAD,74.00,0.00,0.00,0.00,74.00,,0.00,,2024-01-02 13:29:47 -0500,1,Mont-Tremblant (Jan 14th),74.00,SQ5213041,Lift Ticket Only,false,true,pending,Marcus Dela Cruz,796 Childs Drive,,Milton,L9T 4J2,ON,Canada,,,,,,,,,,,,ONLINE,Squarespace,02270,Marcus Dela cruz,marcusdela13@gmail.com," (647) 901-0665","I have read,  understand, and will abide by the CSSC policies.",Not a Concordia student,Stripe,ch_3OUCimCK9oZyFSRq0Ip4NMu7
02269,filmatos9@gmail.com,PAID,2024-01-01 15:40:50 -0500,pending,,CAD,74.00,0.00,0.00,0.00,74.00,,0.00,,2024-01-01 15:40:50 -0500,1,Mont-Tremblant (Jan 14th),74.00,SQ5213041,Lift Ticket Only,false,true,pending,Filipe Matos,48 Bermondsey Way,,Ottawa,K2S2Y7,ON,Canada,,,,,,,,,,,,ONLINE,Squarespace,02269,Kathryn Matos,kat-matos@outlook.com," (613) 483-8471","I have read,  understand, and will abide by the CSSC policies.",Not a Concordia student,Stripe,ch_3OTsI3CK9oZyFSRq0rNXMOUN
02268,michael.khaghani@gmail.com,PAID,2023-12-31 18:02:52 -0500,pending,,CAD,74.00,0.00,0.00,0.00,74.00,,0.00,,2023-12-31 18:02:52 -0500,1,Mont-Tremblant (Jan 14th),74.00,SQ5213041,Lift Ticket Only,false,true,pending,Michael Khaghani,7644 Rue Centrale,,Montréal,H8P 1L3,QC,Canada,,,,,,,,,,,,ONLINE,Squarespace,02268,Michael Khaghani,michael.khaghani@gmail.com," (514) 995-5743","I have read,  understand, and will abide by the CSSC policies.",Not a Concordia student,Stripe,ch_3OTY1wCK9oZyFSRq13pARNGR
02267,filmatos9@gmail.com,PAID,2023-12-31 07:52:41 -0500,pending,,CAD,74.00,0.00,0.00,0.00,74.00,,0.00,,2023-12-31 07:52:41 -0500,1,Mont-Tremblant (Jan 14th),74.00,SQ5213041,Lift Ticket Only,false,true,pending,Filipe Matos,48 Bermondsey Way,,Ottawa,K2S2Y7,ON,Canada,,,,,,,,,,,,ONLINE,Squarespace,02267,Filipe Matos,filmatos9@gmail.com," (613) 483-1319","I have read,  understand, and will abide by the CSSC policies.",Not a Concordia student,Stripe,ch_3OTOVRCK9oZyFSRq0SpGChna
02266,cmagali.teixeira@yahoo.ca,PAID,2023-12-29 19:57:33 -0500,pending,,CAD,148.00,0.00,0.00,0.00,148.00,,0.00,,2023-12-29 19:57:33 -0500,1,Mont-Tremblant (Jan 14th),74.00,SQ5213041,Lift Ticket Only,false,true,pending,caroline teixeira,4412 Rue Berri,,Montréal,H2J 2R1,QC,Canada,,,,,,,,,,,,ONLINE,Squarespace,02266,Caroline Teixeira,cmagali.teixeira@yahoo.ca," (438) 488-2031","I have read,  understand, and will abide by the CSSC policies.",Not a Concordia student,Stripe,ch_3OSqrqCK9oZyFSRq0pThvwsP
02266,,,,,,,,,,,,,,,,1,Mont-Tremblant (Jan 14th),74.00,SQ5213041,Lift Ticket Only,false,true,pending,,,,,,,,,,,,,,,,,,,,,,Marc Abou-Antoun,marcantoun@gmail.com," (514) 961-2488","I have read,  understand, and will abide by the CSSC policies.",Not a Concordia student,,
02265,darren.hussamy@gmail.com,PAID,2023-12-29 18:42:04 -0500,pending,,CAD,74.00,0.00,0.00,0.00,74.00,,0.00,,2023-12-29 18:42:04 -0500,1,Mont-Tremblant (Jan 14th),74.00,SQ5213041,Lift Ticket Only,false,true,pending,Darren Hussamy,2512 Rue Asselin,,Brossard,J4Z 2Z5,QC,Canada,,,,,,,,,,,,ONLINE,Squarespace,02265,Darren Hussamy,darren.hussamy@gmail.com," (514) 559-2076","I have read,  understand, and will abide by the CSSC policies.",First Year,Stripe,ch_3OSpgmCK9oZyFSRq1XhGSd3a
02264,sachikapoor105@gmail.com,PAID,2023-12-29 12:10:45 -0500,pending,,CAD,74.00,0.00,0.00,0.00,74.00,,0.00,,2023-12-29 12:10:45 -0500,1,Mont-Tremblant (Jan 14th),74.00,SQ5213041,Lift Ticket Only,false,true,pending,Sachi Kapoor,12495 melon dr,,Rancho Cumcamunga,91739-8983,CA,United States,,,,,,,,,,,,ONLINE,Squarespace,02264,sachi kapoor,sachikapoor101@gmail.com," (626) 354-7042","I have read,  understand, and will abide by the CSSC policies.",Not a Concordia student,Stripe,ch_3OSja6CK9oZyFSRq19LPRn3h
02263,lilyhugh3s@gmail.com,PAID,2023-12-29 04:02:31 -0500,pending,,CAD,74.00,0.00,0.00,0.00,74.00,,0.00,,2023-12-29 04:02:31 -0500,1,Mont-Tremblant (Jan 14th),74.00,SQ5213041,Lift Ticket Only,false,true,pending,Lily Hughes,1224 Rue Saint Mathieu,,Montréal,H3H 2H7,QC,Canada,,,,,,,,,,,,ONLINE,Squarespace,02263,Lily Hughed,lilyhugh3s@gmail.com," (646) 873-0598","I have read,  understand, and will abide by the CSSC policies.",Third Year+,Stripe,ch_3OSbxbCK9oZyFSRq1KoXyyoP
02262,lamsterr1+cssc@gmail.com,PAID,2023-12-27 09:38:06 -0500,pending,,CAD,148.00,0.00,0.00,0.00,148.00,,0.00,,2023-12-27 09:38:06 -0500,1,Mont-Tremblant (Jan 14th),74.00,SQ5213041,Lift Ticket Only,false,true,pending,Adrian Lam,1434 Rue de Maricourt,,Montréal,H4E 1V3,QC,Canada,,,,,,,,,,,,ONLINE,Squarespace,02262,Riney Chen,lamsterr1+cssc@gmail.com," (902) 990-0272","I have read,  understand, and will abide by the CSSC policies.",Not a Concordia student,Stripe,ch_3ORyFGCK9oZyFSRq0vpiX9ix
02262,,,,,,,,,,,,,,,,1,Mont-Tremblant (Jan 14th),74.00,SQ5213041,Lift Ticket Only,false,true,pending,,,,,,,,,,,,,,,,,,,,,,Adrian Lam,lamsterr1+cssc@gmail.com," (902) 990-0272","I have read,  understand, and will abide by the CSSC policies.",Not a Concordia student,,
02261,nmassey456@gmail.com,PAID,2023-12-26 15:25:40 -0500,pending,,CAD,74.00,0.00,0.00,0.00,74.00,,0.00,,2023-12-26 15:25:40 -0500,1,Mont-Tremblant (Jan 14th),74.00,SQ5213041,Lift Ticket Only,false,true,pending,Nicole Massey,27 Harmony Hill Crescent,,Richmond Hill,L4C 8Z2,ON,Canada,,,,,,,,,,,,ONLINE,Squarespace,02261,Nicole Massey,nmassey456@gmail.com," (419) 988-2012","I have read,  understand, and will abide by the CSSC policies.",Not a Concordia student,Stripe,ch_3ORhC7CK9oZyFSRq14iLISNj
02260,simarjitbilkhu@gmail.com,refunded,2023-12-26 14:38:36 -0500,pending,,CAD,74.00,0.00,0.00,74.00,74.00,,0.00,,2023-12-26 14:38:36 -0500,1,Mont-Tremblant (Jan 14th),74.00,SQ5213041,Lift Ticket Only,false,true,pending,Simarjit Bilkhu,265 Rue du Ruisselet,,Vaudreuil-Dorion,J7V 0L3,QC,Canada,,,,,,,,,,,,ONLINE,Squarespace,02260,Simarjit Bilkhu,sim29j@gmail.com," (514) 951-6923","I have read,  understand, and will abide by the CSSC policies.",Not a Concordia student,Stripe,ch_3ORgSWCK9oZyFSRq0LV19Qgo
02259,burnhamelliot@gmail.com,PAID,2023-12-26 13:47:34 -0500,pending,,CAD,74.00,0.00,0.00,0.00,74.00,,0.00,,2023-12-26 13:47:34 -0500,1,Mont-Tremblant (Jan 14th),74.00,SQ5213041,Lift Ticket Only,false,true,pending,Elliot Burnham,4544 Rue Saint-Denis,,Montréal,H2J 2L3,QC,Canada,,,,,,,,,,,,ONLINE,Squarespace,02259,Elliot Burnham,burnhamelliot@gmail.com," (438) 925-2560","I have read,  understand, and will abide by the CSSC policies.",Third Year+,Stripe,ch_3ORff8CK9oZyFSRq1w91HKSj
02258,ldoran349@gmail.com,PAID,2023-12-26 11:20:03 -0500,pending,,CAD,74.00,0.00,0.00,0.00,74.00,,0.00,,2023-12-26 11:20:03 -0500,1,Mont-Tremblant (Jan 14th),74.00,SQ5213041,Lift Ticket Only,false,true,pending,Liam Doran,2461 Place du Ventura,,Saint-Lazare,J7T 3L7,QC,Canada,,,,,,,,,,,,ONLINE,Squarespace,02258,Liam Doran,ldoran349@gmail.com," (514) 701-5426","I have read,  understand, and will abide by the CSSC policies.",Third Year+,Stripe,ch_3ORdMNCK9oZyFSRq0mpqfQVa
02257,kriskasyan@gmail.com,PAID,2023-12-26 10:11:47 -0500,pending,,CAD,74.00,0.00,0.00,0.00,74.00,,0.00,,2023-12-26 10:11:47 -0500,1,Mont-Tremblant (Jan 14th),74.00,SQ5213041,Lift Ticket Only,false,true,pending,Kristopher Samurkasyan,55 Promenade Des Iles,403,Laval,H7W 5J6,QC,Canada,,,,,,,,,,,,ONLINE,Squarespace,02257,Kristopher Samurkasyan,kriskasyan@gmail.com," (514) 815-9061","I have read,  understand, and will abide by the CSSC policies.",Alumni,Stripe,ch_3ORcIKCK9oZyFSRq1Liz1GBq
02256,basilvitaldurand@gmail.com,PAID,2023-12-26 08:45:11 -0500,pending,,CAD,74.00,0.00,0.00,0.00,74.00,,0.00,,2023-12-26 08:45:11 -0500,1,Mont-Tremblant (Jan 14th),74.00,SQ5213041,Lift Ticket Only,false,true,pending,Basil VITALDURAND,16 bis Cité des fleurs,,Paris,75017,,France,,,,,,,,,,,,ONLINE,Squarespace,02256,Basil VITALDURAND,basilvitaldurand@gmail.com," (000) 000-0000","I have read,  understand, and will abide by the CSSC policies.",First Year,Stripe,ch_3ORawWCK9oZyFSRq0MZreo2p
02255,owenlesann@gmail.com,PAID,2023-12-26 02:02:03 -0500,pending,,CAD,74.00,0.00,0.00,0.00,74.00,,0.00,,2023-12-26 02:02:03 -0500,1,Mont-Tremblant (Jan 14th),74.00,SQ5213041,Lift Ticket Only,false,true,pending,Owen Le Sann,1470 Lesann Rd,Box 2192,The Pas,R9A 1L8,MB,Canada,,,,,,,,,,,,ONLINE,Squarespace,02255,Owen Le Sann,owenlesann@gmail.com," (438) 364-6721","I have read,  understand, and will abide by the CSSC policies.",Second Year,Stripe,ch_3ORUeNCK9oZyFSRq1KnEOXNH
02254,xm1996zhan@gmail.com,PAID,2023-12-25 22:43:34 -0500,pending,,CAD,74.00,0.00,0.00,0.00,74.00,,0.00,,2023-12-25 22:43:34 -0500,1,Mont-Tremblant (Jan 14th),74.00,SQ5213041,Lift Ticket Only,false,true,pending,Xiaomeng Zhang,1406-2300 Tupper St,,Montréal,H3H 0B9,QC,Canada,,,,,,,,,,,,ONLINE,Squarespace,02254,Xiaomeng Zhang,xm1996zhan@gmail.com," (514) 690-9301","I have read,  understand, and will abide by the CSSC policies.",First Year,Stripe,ch_3ORRYJCK9oZyFSRq045Gauc0
02253,p09mugford@gmail.com,PAID,2023-12-25 22:37:45 -0500,pending,,CAD,74.00,0.00,0.00,0.00,74.00,,0.00,,2023-12-25 22:37:45 -0500,1,Mont-Tremblant (Jan 14th),74.00,SQ5213041,Lift Ticket Only,false,true,pending,Philippe Mugford,3 Pinehurst Crescent,,Toronto,M9A 3A4,ON,Canada,,,,,,,,,,,,ONLINE,Squarespace,02253,Philippe Mugford,p09mugford@gmail.com," (416) 276-9981","I have read,  understand, and will abide by the CSSC policies.",Second Year,Stripe,ch_3ORRSfCK9oZyFSRq1VdbHnJo
02252,astalwar2004@gmail.com,PAID,2023-12-25 22:31:21 -0500,pending,,CAD,74.00,0.00,0.00,0.00,74.00,,0.00,,2023-12-25 22:31:21 -0500,1,Mont-Tremblant (Jan 14th),74.00,SQ5213041,Lift Ticket Only,false,true,pending,Aryan Shiv Talwar,St. Dominique Street,3440,Montreal,H2X2X4,QC,Canada,,,,,,,,,,,,ONLINE,Squarespace,02252,Aryan Shiv Talwar,aryanstalwar@gmail.com," (438) 928-8961","I have read,  understand, and will abide by the CSSC policies.",Second Year,Stripe,ch_3ORRMTCK9oZyFSRq09k7KMwO
02251,bbnat123@outlook.com,PAID,2023-12-25 22:30:19 -0500,pending,,CAD,74.00,0.00,0.00,0.00,74.00,,0.00,,2023-12-25 22:30:19 -0500,1,Mont-Tremblant (Jan 14th),74.00,SQ5213041,Lift Ticket Only,false,true,pending,Nathaniel Factor,1044 English Bluff Road,,Delta,V4M2N6,BC,Canada,,,,,,,,,,,,ONLINE,Squarespace,02251,Nathaniel Factor,bbnat123@outlook.com," (604) 868-0822","I have read,  understand, and will abide by the CSSC policies.",Second Year,Stripe,ch_3ORRLTCK9oZyFSRq1EHi93yC
02250,jasminemao2004@gmail.com,PAID,2023-12-25 22:28:51 -0500,pending,,CAD,74.00,0.00,0.00,0.00,74.00,,0.00,,2023-12-25 22:28:51 -0500,1,Mont-Tremblant (Jan 14th),74.00,SQ5213041,Lift Ticket Only,false,true,pending,Jasmine Mao,5433 7 Ave,,Delta,V4M1P7,BC,Canada,,,,,,,,,,,,ONLINE,Squarespace,02250,Jasmine Mao,jasminemao2004@gmail.com," (604) 354-0565","I have read,  understand, and will abide by the CSSC policies.",Not a Concordia student,Stripe,ch_3ORRK3CK9oZyFSRq1tKaeOkS
02249,derekrdzch@gmail.com,PAID,2023-12-25 21:45:48 -0500,pending,,CAD,74.00,0.00,0.00,0.00,74.00,,0.00,,2023-12-25 21:45:48 -0500,1,Mont-Tremblant (Jan 14th),74.00,SQ5213041,Lift Ticket Only,false,true,pending,Lizbeth Rodriguez,Vista Clara,,San Bernardino Tlaxcalancingo,72830,Pue.,Mexico,,,,,,,,,,,,ONLINE,Squarespace,02249,Derek Rodriguez,derekrdzch@gmail.com," (858) 247-9638","I have read,  understand, and will abide by the CSSC policies.",Second Year,Stripe,ch_3ORQeOCK9oZyFSRq1Qv5Uq7A
02248,manaloto.arvy2003@icloud.com,PAID,2023-12-25 21:40:42 -0500,pending,,CAD,74.00,0.00,0.00,0.00,74.00,,0.00,,2023-12-25 21:40:42 -0500,1,Mont-Tremblant (Jan 14th),74.00,SQ5213041,Lift Ticket Only,false,true,pending,Xer Arvy Manaloto,1092 Rue Westgate,,Longueuil,J4K 4P3,QC,Canada,,,,,,,,,,,,ONLINE,Squarespace,02248,Xer Arvy Manaloto,manaloto.arvy2003@icloud.com," (579) 361-3237","I have read,  understand, and will abide by the CSSC policies.",Second Year,Stripe,ch_3ORQZTCK9oZyFSRq0Is7XWxK
02247,henryalbanw@gmail.com,PAID,2023-12-25 21:36:23 -0500,pending,,CAD,74.00,0.00,0.00,0.00,74.00,,0.00,,2023-12-25 21:36:23 -0500,1,Mont-Tremblant (Jan 14th),74.00,SQ5213041,Lift Ticket Only,false,true,pending,Richard Wing,728 Windjammer rd,,Bowen Island,V0N 1G2,BC,Canada,,,,,,,,,,,,ONLINE,Squarespace,02247,Henry Wing,henryalbanw@gmail.com," (604) 740-6062","I have read,  understand, and will abide by the CSSC policies.",Third Year+,Stripe,ch_3ORQVHCK9oZyFSRq0HvcZa36
02246,mnarovliansky@gmail.com,PAID,2023-12-25 20:54:47 -0500,pending,,CAD,74.00,0.00,0.00,0.00,74.00,,0.00,,2023-12-25 20:54:47 -0500,1,Mont-Tremblant (Jan 14th),74.00,SQ5213041,Lift Ticket Only,false,true,pending,Maxim Narovliansky,38 Place du Commerce,,Montreal,H3E 1T8,QC,Canada,,,,,,,,,,,,ONLINE,Squarespace,02246,Fabian Preda,fabipreda@gmail.com," (438) 530-1210","I have read,  understand, and will abide by the CSSC policies.",Third Year+,Stripe,ch_3ORPr1CK9oZyFSRq0j0GzNHb
02245,wozniaknatalia2502@gmail.com,PAID,2023-12-25 17:44:31 -0500,pending,,CAD,74.00,0.00,0.00,0.00,74.00,,0.00,,2023-12-25 17:44:31 -0500,1,Mont-Tremblant (Jan 14th),74.00,SQ5213041,Lift Ticket Only,false,true,pending,NATALIA WOZNIAK,105-2700 rue de Rouen,,Montreal,H2K 1N1,QC,Canada,,,,,,,,,,,,ONLINE,Squarespace,02245,NATALIA WOZNIAK,wozniaknatalia2502@gmail.com," (514) 549-2812","I have read,  understand, and will abide by the CSSC policies.",Alumni,Stripe,ch_3ORMsuCK9oZyFSRq1iJcTK4l
02244,ryn1397@gmail.com,PAID,2023-12-25 17:13:23 -0500,pending,,CAD,74.00,0.00,0.00,0.00,74.00,,0.00,,2023-12-25 17:13:23 -0500,1,Mont-Tremblant (Jan 14th),74.00,SQ5213041,Lift Ticket Only,false,true,pending,Ryan Michon,38 Rue Larin,,Salaberry-de-Valleyfield,J6T 5E9,QC,Canada,,,,,,,,,,,,ONLINE,Squarespace,02244,Ryan Michon,ryn1397@gmail.com," (438) 990-5165","I have read,  understand, and will abide by the CSSC policies.",First Year,Stripe,ch_3ORMOlCK9oZyFSRq03cojpnm
02243,yiwenliu18@hotmail.com,PAID,2023-12-25 16:59:25 -0500,pending,,CAD,74.00,0.00,0.00,0.00,74.00,,0.00,,2023-12-25 16:59:25 -0500,1,Mont-Tremblant (Jan 14th),74.00,SQ5213041,Lift Ticket Only,false,true,pending,Yiwen Liu,405 Rue de la Concorde,,Montréal,H3A 0H1,QC,Canada,,,,,,,,,,,,ONLINE,Squarespace,02243,Yiwen Liu,yiwenliu18@hotmail.com," (438) 941-1070","I have read,  understand, and will abide by the CSSC policies.",Not a Concordia student,Stripe,ch_3ORMBGCK9oZyFSRq1xV68sQa
02242,jpgeorge456@gmail.com,PAID,2023-12-25 16:38:45 -0500,pending,,CAD,99.00,0.00,0.00,0.00,99.00,,0.00,,2023-12-25 16:38:45 -0500,1,Mont-Tremblant (Jan 14th),99.00,SQ5153114,Bus +Ticket,false,true,pending,Elizabeth Mccluskey,254 Manning Ave,,Toronto,M6J 2K7,ON,Canada,,,,,,,,,,,,ONLINE,Squarespace,02242,James George,jpgeorge456@gmail.com," (416) 859-0925","I have read,  understand, and will abide by the CSSC policies.",First Year,Stripe,ch_3ORLrFCK9oZyFSRq1RsQQMVe
02241,mnarovliansky@gmail.com,PAID,2023-12-25 16:35:27 -0500,pending,,CAD,74.00,0.00,0.00,0.00,74.00,,0.00,,2023-12-25 16:35:27 -0500,1,Mont-Tremblant (Jan 14th),74.00,SQ5213041,Lift Ticket Only,false,true,pending,maxim narovliansky,38 Place du Commerce,,Montreal,H3E 1T8,QC,Canada,,,,,,,,,,,,ONLINE,Squarespace,02241,maxim narovliansky,mnarovliansky@gmail.com," (514) 570-4455","I have read,  understand, and will abide by the CSSC policies.",Third Year+,Stripe,ch_3ORLo4CK9oZyFSRq09x0fUEI
02240,somar.jaafar19@gmail.com,PAID,2023-12-25 16:28:15 -0500,pending,,CAD,99.00,0.00,0.00,0.00,99.00,,0.00,,2023-12-25 16:28:15 -0500,1,Mont-Tremblant (Jan 14th),99.00,SQ5153114,Bus +Ticket,false,true,pending,Somar Jaafar,1855 Therrien,,Brossard,J4W 2Z2,QC,Canada,,,,,,,,,,,,ONLINE,Squarespace,02240,Somar Jaafar,somar.jaafar19@gmail.com," (514) 714-5011","I have read,  understand, and will abide by the CSSC policies.",First Year,Stripe,ch_3ORLh5CK9oZyFSRq0xNO2ZHB
02239,bobcainy@gmail.com,PAID,2023-12-25 15:57:16 -0500,pending,,CAD,198.00,0.00,0.00,0.00,198.00,,0.00,,2023-12-25 15:57:16 -0500,1,Mont-Tremblant (Jan 14th),99.00,SQ5153114,Bus +Ticket,false,true,pending,Jiaying mo,5077 Rue Paré,,Montréal,H4P 1P4,QC,Canada,,,,,,,,,,,,ONLINE,Squarespace,02239,Robert Joy,bobcainy@gmail.com," (438) 837-0792","I have read,  understand, and will abide by the CSSC policies.",Alumni,Stripe,ch_3ORLD7CK9oZyFSRq1JVSvotS
02239,,,,,,,,,,,,,,,,1,Mont-Tremblant (Jan 14th),99.00,SQ5153114,Bus +Ticket,false,true,pending,,,,,,,,,,,,,,,,,,,,,,Jiaying Mo,bobcainy@gmail.com," (514) 699-1376","I have read,  understand, and will abide by the CSSC policies.",Alumni,,
02238,mayachalkhoun@gmail.com,PAID,2023-12-25 15:21:20 -0500,pending,,CAD,99.00,0.00,0.00,0.00,99.00,,0.00,,2023-12-25 15:21:20 -0500,1,Mont-Tremblant (Jan 14th),99.00,SQ5153114,Bus +Ticket,false,true,pending,Maya Chalkhoun,274 Rue Maupassant,,Dollard-des-Ormeaux,H9G 3B5,QC,Canada,,,,,,,,,,,,ONLINE,Squarespace,02238,Maya Chalkhoun,mayachalkhoun@gmail.com," (514) 835-1399","I have read,  understand, and will abide by the CSSC policies.",Third Year+,Stripe,ch_3ORKeKCK9oZyFSRq1ePXLoR1
02237,hectorandresf@hotmail.com,PAID,2023-12-25 14:20:19 -0500,pending,,CAD,148.00,0.00,0.00,0.00,148.00,,0.00,,2023-12-25 14:20:19 -0500,1,Mont-Tremblant (Jan 14th),74.00,SQ5213041,Lift Ticket Only,false,true,pending,HECTOR ANDRES FERNANDEZ RAMIREZ,303-5415 AV DU PARC,,MONTREAL,H2V4G9,QC,Canada,,,,,,,,,,,,ONLINE,Squarespace,02237,Hector Andres Fernandez Ramirez,hectorandresf@hotmail.com," (438) 921-6781","I have read,  understand, and will abide by the CSSC policies.",Alumni,Stripe,ch_3ORJhHCK9oZyFSRq0Lqht9rH
02237,,,,,,,,,,,,,,,,1,Mont-Tremblant (Jan 14th),74.00,SQ5213041,Lift Ticket Only,false,true,pending,,,,,,,,,,,,,,,,,,,,,,Eva JORGE,eva.jorge@sciencespo.fr," (438) 921-6781","I have read,  understand, and will abide by the CSSC policies.",Not a Concordia student,,
02236,eleanor.barloww@gmail.com,PAID,2023-12-25 13:44:35 -0500,pending,,CAD,99.00,0.00,0.00,0.00,99.00,,0.00,,2023-12-25 13:44:35 -0500,1,Mont-Tremblant (Jan 14th),99.00,SQ5153114,Bus +Ticket,false,true,pending,Eleanor Barlow,Second Avenue,,Ottawa,k1s2h5,ON,Canada,,,,,,,,,,,,ONLINE,Squarespace,02236,Eleanor barlow,eleanor.barloww@gmail.com," (613) 612-0334","I have read,  understand, and will abide by the CSSC policies.",Not a Concordia student,Stripe,ch_3ORJ8iCK9oZyFSRq1UArsTig
02235,mortadella003@gmail.com,PAID,2023-12-25 13:11:25 -0500,pending,,CAD,99.00,0.00,0.00,0.00,99.00,,0.00,,2023-12-25 13:11:25 -0500,1,Mont-Tremblant (Jan 14th),99.00,SQ5153114,Bus +Ticket,false,true,pending,Jack Smith,112 Stone Zack Lane,,Clarksburg,N0H 1J0,ON,Canada,,,,,,,,,,,,ONLINE,Squarespace,02235,Jack Smith,mortadella003@gmail.com," (905) 601-2131","I have read,  understand, and will abide by the CSSC policies.",Second Year,Stripe,ch_3ORIcbCK9oZyFSRq1apxpQjf
02234,arminrashidi@gmail.com,PAID,2023-12-25 10:50:25 -0500,pending,,CAD,74.00,0.00,0.00,0.00,74.00,,0.00,,2023-12-25 10:50:25 -0500,1,Mont-Tremblant (Jan 14th),74.00,SQ5213041,Lift Ticket Only,false,true,pending,Armin Rashidi Mehrabadi,1401-1228 Rue des Bassins,,Montréal,H3C 0W8,QC,Canada,4385069096,,,,,,,,,,,ONLINE,Squarespace,02234,Armin Rashidi,arminrashidi@gmail.com," (438) 506-9096","I have read,  understand, and will abide by the CSSC policies.",Alumni,Stripe,ch_3ORGQ9CK9oZyFSRq1QL55YZt
02233,quentinringenbach@gmail.com,PAID,2023-12-25 10:04:47 -0500,pending,,CAD,74.00,0.00,0.00,0.00,74.00,,0.00,,2023-12-25 10:04:47 -0500,1,Mont-Tremblant (Jan 14th),74.00,SQ5213041,Lift Ticket Only,false,true,pending,Jean-François Lamoureux,750 Rue Guy,1,Montréal,H3J 1T4,QC,Canada,,,,,,,,,,,,ONLINE,Squarespace,02233,Quentin Rigenbach,quentinringenbach@gmail.com," (917) 732-0303","I have read,  understand, and will abide by the CSSC policies.",Not a Concordia student,Stripe,ch_3ORFi0CK9oZyFSRq1UuE7KeP
02232,camille.desmars92@gmail.com,PAID,2023-12-25 09:58:21 -0500,pending,,CAD,74.00,0.00,0.00,0.00,74.00,,0.00,,2023-12-25 09:58:21 -0500,1,Mont-Tremblant (Jan 14th),74.00,SQ5213041,Lift Ticket Only,false,true,pending,Camille Desmars,760 labonté,,longueuil,j4h2r7,QC,Canada,,,,,,,,,,,,ONLINE,Squarespace,02232,Camille Desmars,camille.desmars92@gmail.com," (514) 245-6636","I have read,  understand, and will abide by the CSSC policies.",Not a Concordia student,Stripe,ch_3ORFbmCK9oZyFSRq1kt9hAiq
02231,jf_lamoureux@hotmail.com,PAID,2023-12-25 09:49:22 -0500,pending,,CAD,74.00,0.00,0.00,0.00,74.00,,0.00,,2023-12-25 09:49:22 -0500,1,Mont-Tremblant (Jan 14th),74.00,SQ5213041,Lift Ticket Only,false,true,pending,Jean-François Lamoureux,750 Rue Guy,1,Montréal,H3J 1T4,QC,Canada,,,,,,,,,,,,ONLINE,Squarespace,02231,Jean-François Lamoureux,Jf_lamoureux@hotmail.com," (514) 966-5004","I have read,  understand, and will abide by the CSSC policies.",Not a Concordia student,Stripe,ch_3ORFT5CK9oZyFSRq0FonvU1K
02230,leandrojrc@gmail.com,PAID,2023-12-25 09:03:59 -0500,pending,,CAD,148.00,0.00,0.00,0.00,148.00,,0.00,,2023-12-25 09:03:59 -0500,1,Mont-Tremblant (Jan 14th),74.00,SQ5213041,Lift Ticket Only,false,true,pending,Leandro Rocha da Costa,642 Cartographe Street,,Ottawa,K4A 3N6,ON,Canada,,,,,,,,,,,,ONLINE,Squarespace,02230,Leandro da Costa,leandrojrc@gmail.com," (613) 620-6680","I have read,  understand, and will abide by the CSSC policies.",Not a Concordia student,Stripe,ch_3OREl9CK9oZyFSRq16Lanzpw
02230,,,,,,,,,,,,,,,,1,Mont-Tremblant (Jan 14th),74.00,SQ5213041,Lift Ticket Only,false,true,pending,,,,,,,,,,,,,,,,,,,,,,Michelle Soucy,leandrojrc@gmail.com," (613) 620-6680","I have read,  understand, and will abide by the CSSC policies.",Not a Concordia student,,
02229,graham.km.yuen@gmail.com,PAID,2023-12-25 00:26:45 -0500,pending,,CAD,74.00,0.00,0.00,0.00,74.00,,0.00,,2023-12-25 00:26:45 -0500,1,Mont-Tremblant (Jan 14th),74.00,SQ5213041,Lift Ticket Only,false,true,pending,Graham Yuen,500 Wolfs Lane,,Pelham Manor,10803,NY,United States,,,,,,,,,,,,ONLINE,Squarespace,02229,Graham Yuen,graham.km.yuen@gmail.com," (914) 649-2411","I have read,  understand, and will abide by the CSSC policies.",Not a Concordia student,Stripe,ch_3OR6gcCK9oZyFSRq1xBjR1VN
02228,w.himmer@yahoo.com,PAID,2023-12-24 22:59:42 -0500,pending,,CAD,74.00,0.00,0.00,0.00,74.00,,0.00,,2023-12-24 22:59:42 -0500,1,Mont-Tremblant (Jan 14th),74.00,SQ5213041,Lift Ticket Only,false,true,pending,Wyatt Himmer,21 Brook Road,,GILFORD,03249,NH,United States,,,,,,,,,,,,ONLINE,Squarespace,02228,Wyatt Himmer,w.himmer@yahoo.com," (603) 409-5577","I have read,  understand, and will abide by the CSSC policies.",Not a Concordia student,Stripe,ch_3OR5KMCK9oZyFSRq0X0qNfkS
02227,sgurjeet99@gmail.com,PAID,2023-12-24 22:58:02 -0500,pending,,CAD,297.00,0.00,0.00,0.00,297.00,,0.00,,2023-12-24 22:58:02 -0500,1,Mont-Tremblant (Jan 14th),99.00,SQ5153114,Bus +Ticket,false,true,pending,Gurjeet Babbar,1757 rue de maricourt,,montreal,h4e1v6,QC,Canada,,,,,,,,,,,,ONLINE,Squarespace,02227,Janssen Qu,janssen0105@gmail.com," (438) 530-6513","I have read,  understand, and will abide by the CSSC policies.",Not a Concordia student,Stripe,ch_3OR5IkCK9oZyFSRq1cynCVSa
02227,,,,,,,,,,,,,,,,1,Mont-Tremblant (Jan 14th),99.00,SQ5153114,Bus +Ticket,false,true,pending,,,,,,,,,,,,,,,,,,,,,,Ahmed Ghallab,Ahghallab007@gmail.com," (414) 210-6344","I have read,  understand, and will abide by the CSSC policies.",Not a Concordia student,,
02227,,,,,,,,,,,,,,,,1,Mont-Tremblant (Jan 14th),99.00,SQ5153114,Bus +Ticket,false,true,pending,,,,,,,,,,,,,,,,,,,,,,Gurjeet Babbar,sgurjeet99@gmail.com," (438) 929-9320","I have read,  understand, and will abide by the CSSC policies.",Second Year,,
02226,samihissoiny@gmail.com,PAID,2023-12-24 22:21:09 -0500,pending,,CAD,99.00,0.00,0.00,0.00,99.00,,0.00,,2023-12-24 22:21:09 -0500,1,Mont-Tremblant (Jan 14th),99.00,SQ5153114,Bus +Ticket,false,true,pending,Sami Hissoiny,3495 Rue de la Montagne,,Montréal,H3G 2A5,QC,Canada,,,,,,,,,,,,ONLINE,Squarespace,02226,Sami Hissoiny,samihissoiny@gmail.com," (514) 824-3018","I have read,  understand, and will abide by the CSSC policies.",First Year,Stripe,ch_3OR4j3CK9oZyFSRq1ovk8kVb
02225,milliemallou@gmail.com,PAID,2023-12-24 21:35:11 -0500,pending,,CAD,99.00,0.00,0.00,0.00,99.00,,0.00,,2023-12-24 21:35:11 -0500,1,Mont-Tremblant (Jan 14th),99.00,SQ5153114,Bus +Ticket,false,true,pending,Millie Mckillip,74 Fulton Avenue,,Ottawa,K1S4Y8,ON,Canada,,,,,,,,,,,,ONLINE,Squarespace,02225,Millie Mckillip,milliemallou@gmail.com," (613) 402-7580","I have read,  understand, and will abide by the CSSC policies.",Third Year+,Stripe,ch_3OR40ZCK9oZyFSRq0DZrC81i
02224,david.foubert@mail.mcgill.ca,PAID,2023-12-24 20:58:32 -0500,pending,,CAD,74.00,0.00,0.00,0.00,74.00,,0.00,,2023-12-24 20:58:32 -0500,1,Mont-Tremblant (Jan 14th),74.00,SQ5213041,Lift Ticket Only,false,true,pending,david foubert,5172 Rue Rivard,,Montréal,H2J 2P1,QC,Canada,,,,,,,,,,,,ONLINE,Squarespace,02224,david foubert,david.foubertl@gmail.com," (234) 567-8912","I have read,  understand, and will abide by the CSSC policies.",Second Year,Stripe,ch_3OR3R6CK9oZyFSRq1smF8sSW
02223,erica.cianfarano@gmail.com,PAID,2023-12-24 19:45:44 -0500,pending,,CAD,74.00,0.00,0.00,0.00,74.00,,0.00,,2023-12-24 19:45:44 -0500,1,Mont-Tremblant (Jan 14th),74.00,SQ5213041,Lift Ticket Only,false,true,pending,Erica Cianfarano,4657 Rue de Fatima,,Montréal,H9K 1N6,QC,Canada,,,,,,,,,,,,ONLINE,Squarespace,02223,Erica Cianfarano,erica.cianfarano@gmail.com," (514) 775-7241","I have read,  understand, and will abide by the CSSC policies.",Not a Concordia student,Stripe,ch_3OR2IeCK9oZyFSRq074Ja2Pk
02222,taliakornberg@icloud.com,PAID,2023-12-24 19:06:58 -0500,pending,,CAD,99.00,0.00,0.00,0.00,99.00,,0.00,,2023-12-24 19:06:58 -0500,1,Mont-Tremblant (Jan 14th),99.00,SQ5153114,Bus +Ticket,false,true,pending,Talia Kornberg,986 Logan Avenue,,Toronto,M4K 3E5,ON,Canada,,,,,,,,,,,,ONLINE,Squarespace,02222,Talia Kornberg,taliakornberg@icloud.com," (647) 807-6548","I have read,  understand, and will abide by the CSSC policies.",First Year,Stripe,ch_3OR1h9CK9oZyFSRq0c7fIfX6
02221,raecooky@gmail.com,PAID,2023-12-24 18:52:10 -0500,pending,,CAD,99.00,0.00,0.00,0.00,99.00,,0.00,,2023-12-24 18:52:10 -0500,1,Mont-Tremblant (Jan 14th),99.00,SQ5153114,Bus +Ticket,false,true,pending,Adam Anderson,14 Mark Avenue,,Lower Kingsclear,E3E 1M3,NB,Canada,,,,,,,,,,,,ONLINE,Squarespace,02221,Brynn Anderson,raecooky@gmail.com," (506) 292-1805","I have read,  understand, and will abide by the CSSC policies.",First Year,Stripe,ch_3OR1SoCK9oZyFSRq0iYKZpeP
02220,larissa.c.atkin@gmail.com,PAID,2023-12-24 18:50:03 -0500,pending,,CAD,99.00,0.00,0.00,0.00,99.00,,0.00,,2023-12-24 18:50:03 -0500,1,Mont-Tremblant (Jan 14th),99.00,SQ5153114,Bus +Ticket,false,true,pending,Larissa Cabardo-Atkin,28 Takhini Avenue,,Whitehorse,Y1A 3N6,YT,Canada,,,,,,,,,,,,ONLINE,Squarespace,02220,Larissa Cabardo-Atkin,larissa.c.atkin@gmail.com," (236) 886-1652","I have read,  understand, and will abide by the CSSC policies.",First Year,Stripe,ch_3OR1QlCK9oZyFSRq0Uicf5B0
02219,henrycaldicott@gmail.com,PAID,2023-12-24 18:28:20 -0500,pending,,CAD,45.00,0.00,0.00,0.00,45.00,,0.00,,2023-12-24 18:28:20 -0500,1,Mont-Tremblant (Jan 14th),45.00,SQ3821338,Bus Only,false,true,pending,Lesley Caldicott,5513 Montgomery St.,,Chevy Chase,20815,MD,United States,,,,,,,,,,,,ONLINE,Squarespace,02219,Henry Caldicott,henrycaldicott@gmail.com," (240) 593-2724","I have read,  understand, and will abide by the CSSC policies.",First Year,Stripe,ch_3OR15kCK9oZyFSRq12Pq8XCj
02218,gjaafar98@hotmail.com,refunded,2023-12-24 18:12:08 -0500,pending,,CAD,74.00,0.00,0.00,74.00,74.00,,0.00,,2023-12-24 18:12:08 -0500,1,Mont-Tremblant (Jan 14th),74.00,SQ5213041,Lift Ticket Only,false,true,pending,Gadir Jaafar,7400 Rue Sherbrooke Ouest,,Montréal,H4B 1R8,QC,Canada,,,,,,,,,,,,ONLINE,Squarespace,02218,Gadir Jaafar,gjaafar98@hotmail.com," (514) 915-2939","I have read,  understand, and will abide by the CSSC policies.",Third Year+,Stripe,ch_3OR0q4CK9oZyFSRq1Pazw5d8
02217,ad_karou@live.concordia.ca,PAID,2023-12-24 18:06:25 -0500,pending,,CAD,99.00,0.00,0.00,0.00,99.00,,0.00,,2023-12-24 18:06:25 -0500,1,Mont-Tremblant (Jan 14th),99.00,SQ5153114,Bus +Ticket,false,true,pending,Adam Karout,10 RUE MCKINLEY,,DOLLARD-DES-ORMEAUX,H9G1H5,QC,Canada,,,,,,,,,,,,ONLINE,Squarespace,02217,Adam Karout,ad_karou@live.concordia.ca," (514) 913-9750","I have read,  understand, and will abide by the CSSC policies.",First Year,Stripe,ch_3OR0kXCK9oZyFSRq0y3tzFSK
02216,m.maaniomar@gmail.com,refunded,2023-12-24 18:05:54 -0500,pending,,CAD,74.00,0.00,0.00,74.00,74.00,,0.00,,2023-12-24 18:05:54 -0500,1,Mont-Tremblant (Jan 14th),74.00,SQ5213041,Lift Ticket Only,false,true,pending,Omar Maani,Berri,7626,Montréal,H2R 2G7,QC,Canada,,,,,,,,,,,,ONLINE,Squarespace,02216,Omar Maani,m.maaniomar@gmail.com," (438) 223-9021","I have read,  understand, and will abide by the CSSC policies.",Not a Concordia student,Stripe,ch_3OR0k2CK9oZyFSRq0MD8LREE
02215,audreyn3079@gmail.com,PAID,2023-12-24 17:37:39 -0500,pending,,CAD,99.00,0.00,0.00,0.00,99.00,,0.00,,2023-12-24 17:37:39 -0500,1,Mont-Tremblant (Jan 14th),99.00,SQ5153114,Bus +Ticket,false,true,pending,Audrey Barr,18 Lewis Street,,Ottawa,K2P 0S3,ON,Canada,,,,,,,,,,,,ONLINE,Squarespace,02215,Audrey Barr,audreyn3079@gmail.com," (613) 552-8516","I have read,  understand, and will abide by the CSSC policies.",Third Year+,Stripe,ch_3OR0IhCK9oZyFSRq0FD85h8x
02214,elinedelmas@icloud.com,PAID,2023-12-24 16:39:16 -0500,pending,,CAD,99.00,0.00,0.00,0.00,99.00,,0.00,,2023-12-24 16:39:16 -0500,1,Mont-Tremblant (Jan 14th),99.00,SQ5153114,Bus +Ticket,false,true,pending,Eline Delmas,48 Avenue De La Belle Gabrielle,,Nogent-sur-marne,94130,,France,,,,,,,,,,,,ONLINE,Squarespace,02214,Eline Delmas,elinedelmas@icloud.com," (069) 597-8009","I have read,  understand, and will abide by the CSSC policies.",Second Year,Stripe,ch_3OQzOCCK9oZyFSRq1H4fj9zP
02213,mi_antho@live.concordia.ca,PAID,2023-12-24 16:07:23 -0500,pending,,CAD,45.00,0.00,0.00,0.00,45.00,,0.00,,2023-12-24 16:07:23 -0500,1,Mont-Tremblant (Jan 14th),45.00,SQ3821338,Bus Only,false,true,pending,Michael Anthony,65 Skytop Road,,Ipswich,01938,MA,United States,,,,,,,,,,,,ONLINE,Squarespace,02213,Michael Anthony,mi_antho@live.concordia.ca," (978) 500-9578","I have read,  understand, and will abide by the CSSC policies.",First Year,Stripe,ch_3OQytMCK9oZyFSRq0AoiaGmG
02212,alex.pumpalov@gmail.com,PAID,2023-12-24 15:57:19 -0500,pending,,CAD,99.00,0.00,0.00,0.00,99.00,,0.00,,2023-12-24 15:57:19 -0500,1,Mont-Tremblant (Jan 14th),99.00,SQ5153114,Bus +Ticket,false,true,pending,Alex Pumpalov,5476 East Links Cir,,Centennial,80122,CO,United States,,,,,,,,,,,,ONLINE,Squarespace,02212,Alexander Pumpalov,alex.pumpalov@gmail.com," (514) 566-0856","I have read,  understand, and will abide by the CSSC policies.",Second Year,Stripe,ch_3OQyjbCK9oZyFSRq0jXBLmX1
02211,nick.k96@hotmail.ca,PAID,2023-12-24 15:31:42 -0500,pending,,CAD,74.00,0.00,0.00,0.00,74.00,,0.00,,2023-12-24 15:31:42 -0500,1,Mont-Tremblant (Jan 14th),74.00,SQ5213041,Lift Ticket Only,false,true,pending,Nicolas Al Khoury,7361 Victoria,310,Montreal,H4p0a7,QC,Canada,,,,,,,,,,,,ONLINE,Squarespace,02211,Nicolas Al Khoury,nick.k96@hotmail.ca," (514) 333-3111","I have read,  understand, and will abide by the CSSC policies.",Alumni,Stripe,ch_3OQyKpCK9oZyFSRq0E8ry2rn
02210,alexajosee@gmail.com,PAID,2023-12-24 14:43:48 -0500,pending,,CAD,99.00,0.00,0.00,0.00,99.00,,0.00,,2023-12-24 14:43:48 -0500,1,Mont-Tremblant (Jan 14th),99.00,SQ5153114,Bus +Ticket,false,true,pending,Alexa Giroux,6815 Riverview Drive,,Cornwall,K6H 7M1,ON,Canada,,,,,,,,,,,,ONLINE,Squarespace,02210,Alexa Giroux,alexajosee@gmail.com," (613) 361-9659","I have read,  understand, and will abide by the CSSC policies.",First Year,Stripe,ch_3OQxaTCK9oZyFSRq11tfUV2y
02209,omer272000@gmail.com,PAID,2023-12-24 14:20:57 -0500,pending,,CAD,99.00,0.00,0.00,0.00,99.00,,0.00,,2023-12-24 14:20:57 -0500,1,Mont-Tremblant (Jan 14th),99.00,SQ5153114,Bus +Ticket,false,true,pending,Omer Abdul Wahab,1315 boulevard de maisoneuve,1101,Montréal,H3G 2w9,QC,Canada,,,,,,,,,,,,ONLINE,Squarespace,02209,Omer Abdul Wahab,omer272000@gmail.com," (514) 632-5685","I have read,  understand, and will abide by the CSSC policies.",Third Year+,Stripe,ch_3OQxELCK9oZyFSRq0tsJGoAu
02208,graemebuehrer@gmail.com,PAID,2023-12-24 14:03:55 -0500,pending,,CAD,99.00,0.00,0.00,0.00,99.00,,0.00,,2023-12-24 14:03:55 -0500,1,Mont-Tremblant (Jan 14th),99.00,SQ5153114,Bus +Ticket,false,true,pending,Graeme Buehrer,414 Sixth Avenue,,Village of Pelham,10803,NY,United States,,,,,,,,,,,,ONLINE,Squarespace,02208,Graeme Buehrer,graemebuehrer@gmail.com," (914) 844-6270","I have read,  understand, and will abide by the CSSC policies.",Second Year,Stripe,ch_3OQwxsCK9oZyFSRq1eTz8rYu
02207,liana.rochette@outlook.com,PAID,2023-12-24 14:01:57 -0500,pending,,CAD,99.00,0.00,0.00,0.00,99.00,,0.00,,2023-12-24 14:01:57 -0500,1,Mont-Tremblant (Jan 14th),99.00,SQ5153114,Bus +Ticket,false,true,pending,Liana Rochette,117 Rue Argyle,,Kirkland,H9H 3H9,QC,Canada,,,,,,,,,,,,ONLINE,Squarespace,02207,Liana Rochette,liana.rochette@outlook.com," (514) 627-8770","I have read,  understand, and will abide by the CSSC policies.",Third Year+,Stripe,ch_3OQwvxCK9oZyFSRq1C6lwYMY
02206,sydneybrandon85@gmail.com,PAID,2023-12-24 13:41:17 -0500,pending,,CAD,99.00,0.00,0.00,0.00,99.00,,0.00,,2023-12-24 13:41:17 -0500,1,Mont-Tremblant (Jan 14th),99.00,SQ5153114,Bus +Ticket,false,true,pending,Sydney Brandon,17 York Valley Crescent,,Toronto,M2P 1A8,ON,Canada,,,,,,,,,,,,ONLINE,Squarespace,02206,Sydney Brandon,sydneybrandon85@gmail.com," (416) 998-7360","I have read,  understand, and will abide by the CSSC policies.",Second Year,Stripe,ch_3OQwbyCK9oZyFSRq0BwrEe7G
02205,hannah.booler@gmail.com,PAID,2023-12-24 13:31:08 -0500,pending,,CAD,74.00,0.00,0.00,0.00,74.00,,0.00,,2023-12-24 13:31:08 -0500,1,Mont-Tremblant (Jan 14th),74.00,SQ5213041,Lift Ticket Only,false,true,pending,hannah booler,127 Avenue Fieldfare,,Beaconsfield,H9W 4X3,QC,Canada,,,,,,,,,,,,ONLINE,Squarespace,02205,Hannah Booler,hannah.booler@gmail.com," (514) 290-9731","I have read,  understand, and will abide by the CSSC policies.",Third Year+,Stripe,ch_3OQwS8CK9oZyFSRq0lQ0vQJi
02204,jazzfaucon@gmail.com,PAID,2023-12-24 13:29:53 -0500,pending,,CAD,99.00,0.00,0.00,0.00,99.00,,0.00,,2023-12-24 13:29:53 -0500,1,Mont-Tremblant (Jan 14th),99.00,SQ5153114,Bus +Ticket,false,true,pending,Jazz Faucon,1770 Rue Joseph-Manseau,1604,Montréal,H3H 0A8,QC,Canada,,,,,,,,,,,,ONLINE,Squarespace,02204,Jazz Faucon,jazzfaucon@gmail.com," (438) 364-6137","I have read,  understand, and will abide by the CSSC policies.",Third Year+,Stripe,ch_3OQwQvCK9oZyFSRq1ew1g0n3
02203,jasminenwlam27@gmail.com,PAID,2023-12-24 13:29:44 -0500,pending,,CAD,148.00,0.00,0.00,0.00,148.00,,0.00,,2023-12-24 13:29:44 -0500,1,Mont-Tremblant (Jan 14th),74.00,SQ5213041,Lift Ticket Only,false,true,pending,Jasmine Lam,55 Denham Drive,,Richmond Hill,L4C 6H8,ON,Canada,,,,,,,,,,,,ONLINE,Squarespace,02203,Jasmine Lam,jasminenwlam27@gmail.com," (647) 527-3388","I have read,  understand, and will abide by the CSSC policies.",First Year,Stripe,ch_3OQwQnCK9oZyFSRq1KzeaUXM
02203,,,,,,,,,,,,,,,,1,Mont-Tremblant (Jan 14th),74.00,SQ5213041,Lift Ticket Only,false,true,pending,,,,,,,,,,,,,,,,,,,,,,Grace Lewis,lewisgracie@gmail.com," (909) 684-2031","I have read,  understand, and will abide by the CSSC policies.",Third Year+,,
02202,j.ampas@icloud.com,PAID,2023-12-24 13:26:08 -0500,pending,,CAD,99.00,0.00,0.00,0.00,99.00,,0.00,,2023-12-24 13:26:08 -0500,1,Mont-Tremblant (Jan 14th),99.00,SQ5153114,Bus +Ticket,false,true,pending,Jonathan Ampas,2025 Rue Peel,,Montréal,H3A 1T6,QC,Canada,,,,,,,,,,,,ONLINE,Squarespace,02202,Jonathan Ampas,j.ampas@icloud.com," (416) 819-0196","I have read,  understand, and will abide by the CSSC policies.",First Year,Stripe,ch_3OQwNICK9oZyFSRq09aw8Vp6
02201,jamid0725@gmail.com,PAID,2023-12-24 13:23:53 -0500,pending,,CAD,74.00,0.00,0.00,0.00,74.00,,0.00,,2023-12-24 13:23:53 -0500,1,Mont-Tremblant (Jan 14th),74.00,SQ5213041,Lift Ticket Only,false,true,pending,Jami Dorfman,5572 Av Alpine,,Montréal,h4v2x3,QC,Canada,,,,,,,,,,,,ONLINE,Squarespace,02201,Jami Dorfman,jamid0725@gmail.com," (514) 850-7280","I have read,  understand, and will abide by the CSSC policies.",Third Year+,Stripe,ch_3OQwL7CK9oZyFSRq0me4nCTY
02200,markhutcheon@hotmail.com,PAID,2023-12-24 13:23:22 -0500,pending,,CAD,99.00,0.00,0.00,0.00,99.00,,0.00,,2023-12-24 13:23:22 -0500,1,Mont-Tremblant (Jan 14th),99.00,SQ5153114,Bus +Ticket,false,true,pending,Mark Hutcheon,44 Kelvingrove Street,,Glasgow,G3 7RZ,,United Kingdom,,,,,,,,,,,,ONLINE,Squarespace,02200,Mark Hutcheon,markhutcheon@hotmail.com," (514) 577-0373","I have read,  understand, and will abide by the CSSC policies.",Third Year+,Stripe,ch_3OQwKdCK9oZyFSRq04MRf1qG
02199,shahnourralph@gmail.com,PAID,2023-12-24 13:21:27 -0500,pending,,CAD,198.00,0.00,0.00,0.00,198.00,,0.00,,2023-12-24 13:21:27 -0500,1,Mont-Tremblant (Jan 14th),99.00,SQ5153114,Bus +Ticket,false,true,pending,Shahnour Festekdjian,1380 Boulevard René-Lévesque Ouest,,Montreal,H3G 0E4,QC,Canada,,,,,,,,,,,,ONLINE,Squarespace,02199,Shahnour Festekdjian,shahnourralph@gmail.com," (438) 990-9739","I have read,  understand, and will abide by the CSSC policies.",Third Year+,Stripe,ch_3OQwIlCK9oZyFSRq0BooB1yA
02199,,,,,,,,,,,,,,,,1,Mont-Tremblant (Jan 14th),99.00,SQ5153114,Bus +Ticket,false,true,pending,,,,,,,,,,,,,,,,,,,,,,Luka Safar,shahnourralph@gmail.com," (438) 990-9730","I have read,  understand, and will abide by the CSSC policies.",Second Year,,
02198,juniorkhoneisser@gmail.com,PAID,2023-12-24 13:16:03 -0500,pending,,CAD,99.00,0.00,0.00,0.00,99.00,,0.00,,2023-12-24 13:16:03 -0500,1,Mont-Tremblant (Jan 14th),99.00,SQ5153114,Bus +Ticket,false,true,pending,Rony Jr Khoneisser,Aramouni,518,Montreal,H3G0A6,QC,Canada,,,,,,,,,,,,ONLINE,Squarespace,02198,Rony Khoneisser,juniorkhoneisser@gmail.com," (579) 957-9784","I have read,  understand, and will abide by the CSSC policies.",Second Year,Stripe,ch_3OQwDYCK9oZyFSRq1C5nWn2R
02197,dobiszewska.k@gmail.com,PAID,2023-12-24 13:05:08 -0500,pending,,CAD,99.00,0.00,0.00,0.00,99.00,,0.00,,2023-12-24 13:05:08 -0500,1,Mont-Tremblant (Jan 14th),99.00,SQ5153114,Bus +Ticket,false,true,pending,Karolina Dobiszewska,5403 Rue de Verdun,,Montreal,H4H 1K6,QC,Canada,,,,,,,,,,,,ONLINE,Squarespace,02197,Karolina Dobiszewska,dobiszewska.k@gmail.com," (514) 608-7161","I have read,  understand, and will abide by the CSSC policies.",Second Year,Stripe,ch_3OQw2yCK9oZyFSRq0NZPWPgN
02196,jakeb2010@hotmail.com,PAID,2023-12-24 13:02:03 -0500,pending,,CAD,99.00,0.00,0.00,0.00,99.00,,0.00,,2023-12-24 13:02:03 -0500,1,Mont-Tremblant (Jan 14th),99.00,SQ5153114,Bus +Ticket,false,true,pending,Jake Brimo,Beacon,79,Montreal,H9J2E9,QC,Canada,,,,,,,,,,,,ONLINE,Squarespace,02196,Jake Brimo,jakebrimo@gmail.com," (514) 518-5253","I have read,  understand, and will abide by the CSSC policies.",Second Year,Stripe,ch_3OQvzzCK9oZyFSRq0qifImSJ
02195,llfenn621@gmail.com,PAID,2023-12-24 13:01:48 -0500,pending,,CAD,74.00,0.00,0.00,0.00,74.00,,0.00,,2023-12-24 13:01:48 -0500,1,Mont-Tremblant (Jan 14th),74.00,SQ5213041,Lift Ticket Only,false,true,pending,Ling Wu,2585 Rue Raudot,,Montréal,H4E 2P4,QC,Canada,,,,,,,,,,,,ONLINE,Squarespace,02195,Ling Wu,llfenn621@gmail.com," (514) 663-0730","I have read,  understand, and will abide by the CSSC policies.",First Year,Stripe,ch_3OQvzkCK9oZyFSRq09bFqtn6
02194,andreibarbulescu17@gmail.com,PAID,2023-12-24 12:58:34 -0500,pending,,CAD,99.00,0.00,0.00,0.00,99.00,,0.00,,2023-12-24 12:58:34 -0500,1,Mont-Tremblant (Jan 14th),99.00,SQ5153114,Bus +Ticket,false,true,pending,James george,205 Boulevard Bouchard 3,,Dorval,H9S 1A9,QC,Canada,,,,,,,,,,,"[2024-01-04 20:44:34 -0500]
 James george
- 4168590925
- jpgeorge456@gmail.com",ONLINE,Squarespace,02194,James george,jpgeorge456@gmail.com,4168590925,"I have read,  understand, and will abide by the CSSC policies.",Ticket-Transfer,Stripe,ch_3OQvwcCK9oZyFSRq0YECb6Sx
02193,wendynator@hotmail.com,PAID,2023-12-24 12:58:17 -0500,pending,,CAD,74.00,0.00,0.00,0.00,74.00,,0.00,,2023-12-24 12:58:17 -0500,1,Mont-Tremblant (Jan 14th),74.00,SQ5213041,Lift Ticket Only,false,true,pending,Yuqi Cheng,2585 Rue Raudot,,Montreal,H4E2P4,QC,Canada,,,,,,,,,,,,ONLINE,Squarespace,02193,Yuqi Cheng,wendynator@hotmail.com," (438) 929-2760","I have read,  understand, and will abide by the CSSC policies.",Not a Concordia student,Stripe,ch_3OQvwLCK9oZyFSRq0LqpAbDH
02192,jade.andrieux@outlook.com,refunded,2023-12-24 12:55:51 -0500,pending,,CAD,99.00,0.00,0.00,99.00,99.00,,0.00,,2023-12-24 12:55:51 -0500,1,Mont-Tremblant (Jan 14th),99.00,SQ5153114,Bus +Ticket,false,true,pending,Jade Andrieux,3819 Avenue Coloniale,Apartement 2,Montreal,H2W 2B7,QC,Canada,,,,,,,,,,,,ONLINE,Squarespace,02192,Jade Andrieux,jade.andrieux@outlook.com," (438) 866-4620","I have read,  understand, and will abide by the CSSC policies.",Third Year+,Stripe,ch_3OQvu0CK9oZyFSRq02HFegnG
02191,bryan_cat13@hotmail.com,refunded,2023-12-24 12:54:32 -0500,pending,,CAD,99.00,0.00,0.00,99.00,99.00,,0.00,,2023-12-24 12:54:32 -0500,1,Mont-Tremblant (Jan 14th),99.00,SQ5153114,Bus +Ticket,false,true,pending,Bryan Catudal,167 Avenue Elisabeth,,Dorval,H9S 2X4,QC,Canada,,,,,,,,,,,,ONLINE,Squarespace,02191,Bryan Catudal,bryan_cat13@hotmail.com," (514) 893-2234","I have read,  understand, and will abide by the CSSC policies.",Third Year+,Stripe,ch_3OQvsiCK9oZyFSRq0z4TM4yS
02190,kadenhasbrouck12345@gmail.com,PAID,2023-12-24 12:53:48 -0500,pending,,CAD,74.00,0.00,0.00,0.00,74.00,,0.00,,2023-12-24 12:53:48 -0500,1,Mont-Tremblant (Jan 14th),74.00,SQ5213041,Lift Ticket Only,false,true,pending,Kaden Hasbrouck,2085 Rue St-Timothée,6,Montréal,H2L 3P5,QC,Canada,,,,,,,,,,,,ONLINE,Squarespace,02190,Kaden Hasbrouck,kadenhasbrouck@gmail.com," (438) 520-8334","I have read,  understand, and will abide by the CSSC policies.",Alumni,Stripe,ch_3OQvs1CK9oZyFSRq0BX29D04
02189,valentinagoanta@gmail.com,PAID,2023-12-24 12:42:49 -0500,pending,,CAD,74.00,0.00,0.00,0.00,74.00,,0.00,,2023-12-24 12:42:49 -0500,1,Mont-Tremblant (Jan 14th),74.00,SQ5213041,Lift Ticket Only,false,true,pending,Valentina Goanta,3178 Rue Saint-Antoine Ouest,,Montréal,H4C 1A6,QC,Canada,,,,,,,,,,,,ONLINE,Squarespace,02189,Valentina Goanta,valentinagoanta@gmail.com," (438) 985-5714","I have read,  understand, and will abide by the CSSC policies.",Alumni,Stripe,ch_3OQvhNCK9oZyFSRq1CaeYhUr
02188,michellegoanta@gmail.com,PAID,2023-12-24 12:42:14 -0500,pending,,CAD,74.00,0.00,0.00,0.00,74.00,,0.00,,2023-12-24 12:42:14 -0500,1,Mont-Tremblant (Jan 14th),74.00,SQ5213041,Lift Ticket Only,false,true,pending,Michelle Goanta,1400 pine avenue,304,Montreal,H3g1b1,QC,Canada,,,,,,,,,,,,ONLINE,Squarespace,02188,Michelle Goanta,michellegoanta@gmail.com," (514) 571-5714","I have read,  understand, and will abide by the CSSC policies.",Alumni,Stripe,ch_3OQvgoCK9oZyFSRq1DKCRcQb
02187,zhuopeiliu123@gmail.com,PAID,2023-12-24 12:38:22 -0500,pending,,CAD,74.00,0.00,0.00,0.00,74.00,,0.00,,2023-12-24 12:38:22 -0500,1,Mont-Tremblant (Jan 14th),74.00,SQ5213041,Lift Ticket Only,false,true,pending,Liu Zhuopei,1494 Rue des Mouettes,,Longueuil,J4J0N8,QC,Canada,,,,,,,,,,,,ONLINE,Squarespace,02187,Zhuopei Liu,zhuopeiliu123@gmail.com," (514) 561-4738","I have read,  understand, and will abide by the CSSC policies.",Alumni,Stripe,ch_3OQvd5CK9oZyFSRq0Aq35m0r
02186,yizhe9403@gmail.com,PAID,2023-12-24 12:32:04 -0500,pending,,CAD,74.00,0.00,0.00,0.00,74.00,,0.00,,2023-12-24 12:32:04 -0500,1,Mont-Tremblant (Jan 14th),74.00,SQ5213041,Lift Ticket Only,false,true,pending,Yizhe Liu,1494 rue des mouette,,Longueuil,J4J5K9,QC,Canada,,,,,,,,,,,,ONLINE,Squarespace,02186,Yizhe Liu,yizhe9403@gmail.com," (514) 572-9469","I have read,  understand, and will abide by the CSSC policies.",Alumni,Stripe,ch_3OQvWyCK9oZyFSRq0WUKlvqi
02185,mathlusignan@gmail.com,PAID,2023-12-24 12:25:50 -0500,pending,,CAD,148.00,0.00,0.00,0.00,148.00,,0.00,,2023-12-24 12:25:50 -0500,1,Mont-Tremblant (Jan 14th),74.00,SQ5213041,Lift Ticket Only,false,true,pending,Mathilde Lusignan,729 Place Soulanges,,Brossard,J4X 1L8,QC,Canada,,,,,,,,,,,,ONLINE,Squarespace,02185,mathilde lusignan,mathlusignan@gmail.com," (514) 805-0428","I have read,  understand, and will abide by the CSSC policies.",First Year,Stripe,ch_3OQvQwCK9oZyFSRq0AgPj7tU
02185,,,,,,,,,,,,,,,,1,Mont-Tremblant (Jan 14th),74.00,SQ5213041,Lift Ticket Only,false,true,pending,,,,,,,,,,,,,,,,,,,,,,Merrick Hedrianna,merrickhed@gmail.com," (514) 638-8012","I have read,  understand, and will abide by the CSSC policies.",First Year,,
02184,justching@hotmail.com,PAID,2023-12-24 12:20:50 -0500,pending,,CAD,74.00,0.00,0.00,0.00,74.00,,0.00,,2023-12-24 12:20:50 -0500,1,Mont-Tremblant (Jan 14th),74.00,SQ5213041,Lift Ticket Only,false,true,pending,Justin Hui,2715 Rue O'grady,,Montréal,H4M 2W5,QC,Canada,,,,,,,,,,,,ONLINE,Squarespace,02184,Sung Ching Justin Hui,justching@hotmail.com," (514) 944-3778","I have read,  understand, and will abide by the CSSC policies.",Not a Concordia student,Stripe,ch_3OQvM6CK9oZyFSRq1hF0o5bv
02183,tomcasacci@yahoo.fr,PAID,2023-12-24 12:09:47 -0500,pending,,CAD,222.00,0.00,0.00,0.00,222.00,,0.00,,2023-12-24 12:09:47 -0500,1,Mont-Tremblant (Jan 14th),74.00,SQ5213041,Lift Ticket Only,false,true,pending,Tom Casacci,4859 Victoria Avenue,,Montreal,H3W2M9,QC,Canada,,,,,,,,,,,,ONLINE,Squarespace,02183,Tom Casacci,casacci.tom@gmail.com," (438) 868-8089","I have read,  understand, and will abide by the CSSC policies.",Third Year+,Stripe,ch_3OQvBQCK9oZyFSRq0JT8AFmQ
02183,,,,,,,,,,,,,,,,1,Mont-Tremblant (Jan 14th),74.00,SQ5213041,Lift Ticket Only,false,true,pending,,,,,,,,,,,,,,,,,,,,,,Brittany Marolly,bmarolly@gmail.com," (438) 827-0249","I have read,  understand, and will abide by the CSSC policies.",Third Year+,,
02183,,,,,,,,,,,,,,,,1,Mont-Tremblant (Jan 14th),74.00,SQ5213041,Lift Ticket Only,false,true,pending,,,,,,,,,,,,,,,,,,,,,,Andrew Johnson,tomcasacci@yahoo.fr," (438) 868-8089","I have read,  understand, and will abide by the CSSC policies.",First Year,,
02182,ejpaletz@gmail.com,PAID,2023-12-24 12:06:50 -0500,pending,,CAD,144.00,0.00,0.00,0.00,144.00,,0.00,,2023-12-24 12:06:50 -0500,1,Mont-Tremblant (Jan 14th),99.00,SQ5153114,Bus +Ticket,false,true,pending,Emmy Paletz,250 East 63rd Street,504,New York,10065,NY,United States,,,,,,,,,,,,ONLINE,Squarespace,02182,Lawson Whitman,lawsonwhitman23@gmail.com," (917) 485-4953","I have read,  understand, and will abide by the CSSC policies.",First Year,Stripe,ch_3OQv8YCK9oZyFSRq0vpxsTPE
02182,,,,,,,,,,,,,,,,1,Mont-Tremblant (Jan 14th),45.00,SQ3821338,Bus Only,false,true,pending,,,,,,,,,,,,,,,,,,,,,,Emerson Paletz,epaletz29@gmail.com," (917) 529-2059","I have read,  understand, and will abide by the CSSC policies.",First Year,,
02181,tasiastone@gmail.com,PAID,2023-12-24 12:06:21 -0500,pending,,CAD,99.00,0.00,0.00,0.00,99.00,,0.00,,2023-12-24 12:06:21 -0500,1,Mont-Tremblant (Jan 14th),99.00,SQ5153114,Bus +Ticket,false,true,pending,Anastasia Stone,420 Rue Sherbrooke Ouest,1705 Campus one,Montréal,H3A 1B4,QC,Canada,,,,,,,,,,,,ONLINE,Squarespace,02181,Anastasia Stone,tasiastone@gmail.com," (438) 321-6043","I have read,  understand, and will abide by the CSSC policies.",Third Year+,Stripe,ch_3OQv85CK9oZyFSRq03iJTW5y
02180,davidjeanbaptiste44@yahoo.com,PAID,2023-12-24 12:05:58 -0500,pending,,CAD,99.00,0.00,0.00,0.00,99.00,,0.00,,2023-12-24 12:05:58 -0500,1,Mont-Tremblant (Jan 14th),99.00,SQ5153114,Bus +Ticket,false,true,pending,Jean-Baptiste David,2780 Avenue Willowdale,,Montréal,H3T 1H5,QC,Canada,,,,,,,,,,,,ONLINE,Squarespace,02180,Jean-Baptiste David,davidjeanbaptiste44@yahoo.com," (438) 458-4893","I have read,  understand, and will abide by the CSSC policies.",First Year,Stripe,ch_3OQv7jCK9oZyFSRq0zv6L0za
02179,pl.journault@gmail.com,PAID,2023-12-24 12:04:27 -0500,pending,,CAD,74.00,0.00,0.00,0.00,74.00,,0.00,,2023-12-24 12:04:27 -0500,1,Mont-Tremblant (Jan 14th),74.00,SQ5213041,Lift Ticket Only,false,true,pending,Pier-Luc Journault,82 Rue Jubilee,,Greenfield Park,J4V 3A8,QC,Canada,,,,,,,,,,,,ONLINE,Squarespace,02179,Pier-Luc Journault,pl.journault@gmail.com," (438) 492-3825","I have read,  understand, and will abide by the CSSC policies.",Not a Concordia student,Stripe,ch_3OQv6FCK9oZyFSRq1aBQ2IXn
02178,nicholasho14@yahoo.com,PAID,2023-12-24 12:04:01 -0500,pending,,CAD,99.00,0.00,0.00,0.00,99.00,,0.00,,2023-12-24 12:04:01 -0500,1,Mont-Tremblant (Jan 14th),99.00,SQ5153114,Bus +Ticket,false,true,pending,Ieng Kit Ho,570 RUE MURRAY,,LONGUEUIL,J4V1N9,QC,Canada,,,,,,,,,,,,ONLINE,Squarespace,02178,Ieng Kit Ho,nicholasho14@yahoo.com," (514) 518-7025","I have read,  understand, and will abide by the CSSC policies.",Not a Concordia student,Stripe,ch_3OQv5pCK9oZyFSRq1xlqVOor
02177,saylorcatlin@gmail.com,PAID,2023-12-24 12:03:57 -0500,pending,,CAD,148.00,0.00,0.00,0.00,148.00,,0.00,,2023-12-24 12:03:57 -0500,1,Mont-Tremblant (Jan 14th),74.00,SQ5213041,Lift Ticket Only,false,true,pending,Saylor Catlin,4130 Rue Saint-Urbain,,Montréal,H2W 1V3,QC,Canada,,,,,,,,,,,,ONLINE,Squarespace,02177,Lucie Hasson,luciehasson@gmail.com," (773) 844-3630","I have read,  understand, and will abide by the CSSC policies.",Not a Concordia student,Stripe,ch_3OQv5lCK9oZyFSRq0JniCQkG
02177,,,,,,,,,,,,,,,,1,Mont-Tremblant (Jan 14th),74.00,SQ5213041,Lift Ticket Only,false,true,pending,,,,,,,,,,,,,,,,,,,,,,Saylor Catlin,saylorcatlin@gmail.com," (773) 844-3630","I have read,  understand, and will abide by the CSSC policies.",Not a Concordia student,,
02176,calistafair@gmail.com,PAID,2023-12-24 12:03:29 -0500,pending,,CAD,99.00,0.00,0.00,0.00,99.00,,0.00,,2023-12-24 12:03:29 -0500,1,Mont-Tremblant (Jan 14th),99.00,SQ5153114,Bus +Ticket,false,true,pending,Calista Fair,2521 Champlain Road,,Tiny,L9M 0C3,ON,Canada,,,,,,,,,,,,ONLINE,Squarespace,02176,Calista Fair,calistafair@gmail.com," (416) 788-8388","I have read,  understand, and will abide by the CSSC policies.",Third Year+,Stripe,ch_3OQv5KCK9oZyFSRq0rbvOuZU
02175,ellepatrissi@icloud.com,PAID,2023-12-24 12:03:17 -0500,pending,,CAD,99.00,0.00,0.00,0.00,99.00,,0.00,,2023-12-24 12:03:17 -0500,1,Mont-Tremblant (Jan 14th),99.00,SQ5153114,Bus +Ticket,false,true,pending,Elle Patrissi,97 Church Street,,Ware,01082,MA,United States,,,,,,,,,,,,ONLINE,Squarespace,02175,Elle Patrissi,ellepatrissi@icloud.com," (413) 519-4290","I have read,  understand, and will abide by the CSSC policies.",First Year,Stripe,ch_3OQv57CK9oZyFSRq1RvfcrNQ
02174,talktomaddy@rogers.com,PAID,2023-12-24 12:03:09 -0500,pending,,CAD,99.00,0.00,0.00,0.00,99.00,,0.00,,2023-12-24 12:03:09 -0500,1,Mont-Tremblant (Jan 14th),99.00,SQ5153114,Bus +Ticket,false,true,pending,Madeleine McKee,131 Delaware Avenue,,Toronto,M6H 2S9,ON,Canada,,,,,,,,,,,,ONLINE,Squarespace,02174,Madeleine McKee,talktomaddy@rogers.com," (647) 217-1822","I have read,  understand, and will abide by the CSSC policies.",Second Year,Stripe,ch_3OQv50CK9oZyFSRq14HJPOen
02173,michelle.y.tran@mail.mcgill.ca,PAID,2023-12-24 12:02:47 -0500,pending,,CAD,74.00,0.00,0.00,0.00,74.00,,0.00,,2023-12-24 12:02:47 -0500,1,Mont-Tremblant (Jan 14th),74.00,SQ5213041,Lift Ticket Only,false,true,pending,Michelle Yen Tran,82 Rue Jubilee,,Greenfield Park,J4V 3A8,QC,Canada,,,,,,,,,,,,ONLINE,Squarespace,02173,Michelle Tran,msmichelletran@yahoo.com," (951) 256-7816","I have read,  understand, and will abide by the CSSC policies.",Not a Concordia student,Stripe,ch_3OQv4eCK9oZyFSRq1Op4TwBB
02172,issygal4@gmail.com,PAID,2023-12-24 12:02:43 -0500,pending,,CAD,99.00,0.00,0.00,0.00,99.00,,0.00,,2023-12-24 12:02:43 -0500,1,Mont-Tremblant (Jan 14th),99.00,SQ5153114,Bus +Ticket,false,true,pending,Isabelle Galipeau,31 Briarfield Drive,,Toronto,M3B 1B4,ON,Canada,,,,,,,,,,,,ONLINE,Squarespace,02172,Isabelle Galipeau,issygal4@gmail.com," (647) 273-3657","I have read,  understand, and will abide by the CSSC policies.",Second Year,Stripe,ch_3OQv4ZCK9oZyFSRq043RsfbD
02171,michael.yitayew@mail.mcgill.ca,PAID,2023-12-24 12:02:34 -0500,pending,,CAD,74.00,0.00,0.00,0.00,74.00,,0.00,,2023-12-24 12:02:34 -0500,1,Mont-Tremblant (Jan 14th),74.00,SQ5213041,Lift Ticket Only,false,true,pending,Michael Yitayew,722 Canterbury Drive,,Fredericton,E3B 4M8,NB,Canada,5062604253,,,,,,,,,,,ONLINE,Squarespace,02171,Michael Yitayew,michael.yitayew@mail.mcgill.ca," (506) 260-4253","I have read,  understand, and will abide by the CSSC policies.",Not a Concordia student,Stripe,ch_3OQv4QCK9oZyFSRq0Dx6LZxA
02170,jade.le@mail.mcgill.ca,PAID,2023-12-24 12:02:28 -0500,pending,,CAD,74.00,0.00,0.00,0.00,74.00,,0.00,,2023-12-24 12:02:28 -0500,1,Mont-Tremblant (Jan 14th),74.00,SQ5213041,Lift Ticket Only,false,true,pending,Jade Lê,2300 rue Tupper,Apt 303,Montreal,H3H0B9,QC,Canada,5142602787,,,,,,,,,,,ONLINE,Squarespace,02170,Jade Lê,jade.le@mail.mcgill.ca," (514) 260-2787","I have read,  understand, and will abide by the CSSC policies.",Second Year,Stripe,ch_3OQv4KCK9oZyFSRq09oW9b4I
02169,david.choi@mail.mcgill.ca,PAID,2023-12-24 12:02:07 -0500,pending,,CAD,74.00,0.00,0.00,0.00,74.00,,0.00,,2023-12-24 12:02:07 -0500,1,Mont-Tremblant (Jan 14th),74.00,SQ5213041,Lift Ticket Only,false,true,pending,David Choi,1200 rue Crescent,Apt 904,Montreal,H3G2A9,QC,Canada,,,,,,,,,,,,ONLINE,Squarespace,02169,David Choi,david.choi@mail.mcgill.ca," (647) 395-7101","I have read,  understand, and will abide by the CSSC policies.",Second Year,Stripe,ch_3OQv3zCK9oZyFSRq0GsW2vyf
02168,hannahrj04@gmail.com,PAID,2023-12-24 12:02:00 -0500,pending,,CAD,99.00,0.00,0.00,0.00,99.00,,0.00,,2023-12-24 12:02:00 -0500,1,Mont-Tremblant (Jan 14th),99.00,SQ5153114,Bus +Ticket,false,true,pending,Hannah Janssens,46 Muriel Street,,Ottawa,K1S 4E1,ON,Canada,,,,,,,,,,,,ONLINE,Squarespace,02168,hannah Janssens,hannahrj04@gmail.com," (613) 794-7580","I have read,  understand, and will abide by the CSSC policies.",Second Year,Stripe,ch_3OQv3sCK9oZyFSRq08x57xAd
02167,eglegge@outlook.com,PAID,2023-12-24 12:01:59 -0500,pending,,CAD,99.00,0.00,0.00,0.00,99.00,,0.00,,2023-12-24 12:01:59 -0500,1,Mont-Tremblant (Jan 14th),99.00,SQ5153114,Bus +Ticket,false,true,pending,Eliza Grace Legge,74,Hurlingham Road,London,SW6 3RQ,,United Kingdom,,,,,,,,,,,,ONLINE,Squarespace,02167,Eliza Legge,eglegge@outlook.com," (519) 619-5808","I have read,  understand, and will abide by the CSSC policies.",Second Year,Stripe,ch_3OQv3rCK9oZyFSRq0hU5D0Tp
02166,jg19082016@gmail.com,PAID,2023-12-23 13:13:05 -0500,pending,,CAD,99.00,0.00,0.00,0.00,99.00,,0.00,,2023-12-23 13:13:05 -0500,1,Mont-Tremblant (Jan 14th),99.00,SQ5153114,Bus +Ticket,false,true,pending,Johannes Grandin,4089 Avenue Coloniale,,Montréal,H2W 2C2,QC,Canada,5144634717,,,,,,,,,,,ONLINE,Squarespace,02166,Frederik-Johannes Grandin,jg19082016@gmail.com," (514) 463-4717","I have read,  understand, and will abide by the CSSC policies.",Not a Concordia student,Stripe,ch_3OQZh7CK9oZyFSRq1HnqqGzJ