Order ID,Email,Financial Status,Paid at,Fulfillment Status,Fulfilled at,Currency,Subtotal,Shipping,Taxes,Amount Refunded,Total,Discount Code,Discount Amount,Shipping Method,Created at,Lineitem quantity,Lineitem name,Lineitem price,Lineitem sku,Lineitem variant,Lineitem requires shipping,Lineitem taxable,Lineitem fulfillment status,Billing Name,Billing Address1,Billing Address2,Billing City,Billing Zip,Billing Province,Billing Country,Billing Phone,Shipping Name,Shipping Address1,Shipping Address2,Shipping City,Shipping Zip,Shipping Province,Shipping Country,Shipping Phone,Cancelled at,Private Notes,Channel Type,Channel Name,Channel Order Number,Product Form: Ticket Holder's Name,Product Form: Ticket Holder's Email,Product Form: Ticket Holder's Phone,Product Form: CSSC Policies,Product Form: What year are you in?,Product Form: I am a student (of any CGEP/College/University) and have a student ID to prove so,Payment Method,Payment Reference
02305,tasiastone@gmail.com,PAID,2024-01-09 11:53:00 -0500,pending,,CAD,359.00,0.00,0.00,0.00,359.00,,0.00,,2024-01-09 11:53:00 -0500,1,QC WEEKENDER,359.00,SQ5773996,,false,true,pending,Peregrine Stone,Hauteur de Lete,Le Mont des Landes,St Martin,JE3 6DJ,Jersey,Jersey,,,,,,,,,,,,ONLINE,Squarespace,02305,Anastasia Stone,tasiastone@gmail.com," (438) 321-6043","I have read,  understand, and will abide by the CSSC policies.",Third Year+,,Stripe,ch_3OWiXwCK9oZyFSRq0Bcs3GsO
02148,maelys.c.arnaud@gmail.com,PAID,2023-11-24 01:10:14 -0500,FULFILLED,2023-11-25 15:07:32 -0500,CAD,359.00,0.00,0.00,0.00,359.00,,0.00,,2023-11-24 01:10:14 -0500,1,QC WEEKENDER,359.00,SQ5773996,,false,true,FULFILLED,Leo Bonomo,4485 Rue Saint-Zotique East,,Montréal,H1T 1M3,QC,Canada,,,,,,,,,,,"[2024-01-03 20:56:30 -0500]
Evan Schachter 
eschachter02@gmail.com
514 627-5266",ONLINE,Squarespace,02148,Leo Bonomo,lbonomo@hotmail.ca,Unkown,"I have read,  understand, and will abide by the CSSC policies.",Ticket-Transfer,Yes,Stripe,ch_3OFsahCK9oZyFSRq05jUn3dH
02147,vincentds2004@gmail.com,PAID,2023-11-24 00:21:04 -0500,FULFILLED,2023-11-25 15:07:32 -0500,CAD,359.00,0.00,0.00,0.00,359.00,,0.00,,2023-11-24 00:21:04 -0500,1,QC WEEKENDER,359.00,SQ5773996,,false,true,FULFILLED,Max Luka Monnard,4016 Avenue Oxford,,Montréal,H4A2Y4,QC,Canada,,,,,,,,,,,"[2023-12-03 18:18:07 -0500]
Ticket transfer to max Luca Monnard mailto:maxlukamonnard@gmail.com

343-558-0620",ONLINE,Squarespace,02147,Max Luka Monnard,maxlukamonnard@gmail.com,343-558-0620,"I have read,  understand, and will abide by the CSSC policies.",Ticket-Transfer,Yes,Stripe,ch_3OFrp7CK9oZyFSRq1TpVBmtu
02146,jonathanvanderwood@gmail.com,PAID,2023-11-24 00:00:21 -0500,FULFILLED,2023-11-25 15:07:32 -0500,CAD,359.00,0.00,0.00,0.00,359.00,,0.00,,2023-11-24 00:00:21 -0500,1,QC WEEKENDER,359.00,SQ5773996,,false,true,FULFILLED,Jonathan Vanderwood,115Lawrence Crescent,,Toronto,M4N1N5,ON,Canada,,,,,,,,,,,,ONLINE,Squarespace,02146,Jonathan Vanderwood,jonathanvanderwood@gmail.com," (647) 542-3088","I have read,  understand, and will abide by the CSSC policies.",First Year,Yes,Stripe,ch_3OFrV3CK9oZyFSRq0rJ0RqDl
02138,jbeaussier05@gmail.com,PAID,2023-11-23 16:23:38 -0500,FULFILLED,2023-11-25 15:07:32 -0500,CAD,359.00,0.00,0.00,0.00,359.00,,0.00,,2023-11-23 16:23:38 -0500,1,QC WEEKENDER,359.00,SQ5773996,,false,true,FULFILLED,Justine Beaussier,1190 Rue Guy,,Montréal,H3H 2L4,QC,Canada,,,,,,,,,,,,ONLINE,Squarespace,02138,Justine Beausier,jbeaussier05@gmail.com," (647) 285-4226","I have read,  understand, and will abide by the CSSC policies.",First Year,Yes,Stripe,ch_3OFkN4CK9oZyFSRq1LJ5gMck
02137,iris.ducournau2203@gmail.com,PAID,2023-11-23 16:21:46 -0500,FULFILLED,2023-11-25 15:07:32 -0500,CAD,359.00,0.00,0.00,0.00,359.00,,0.00,,2023-11-23 16:21:46 -0500,1,QC WEEKENDER,359.00,SQ5773996,,false,true,FULFILLED,Iris Ducournau,1455 Maisonneuve Boulevard West,West Grey nuns M408A,Montreal,H3G 1M8,QC,Canada,,,,,,,,,,,,ONLINE,Squarespace,02137,Iris Ducournau,iris.ducournau2203@gmail.com," (076) 760-7296","I have read,  understand, and will abide by the CSSC policies.",First Year,Yes,Stripe,ch_3OFkLGCK9oZyFSRq1yQnoJ4m
02121,mariusryan@icloud.com,PAID,2023-11-22 22:07:55 -0500,FULFILLED,2023-11-26 01:17:40 -0500,CAD,359.00,0.00,0.00,0.00,359.00,,0.00,,2023-11-22 22:07:55 -0500,1,QC WEEKENDER,359.00,SQ5773996,,false,true,FULFILLED,Marius Ryan,146 Sixth Ave,,New York,11217,NY,United States,,,,,,,,,,,,ONLINE,Squarespace,02121,Marius Ryan,mariusryan@icloud.com,1 (917) 689-7604,"I have read,  understand, and will abide by the CSSC policies.",First Year,Yes,Stripe,ch_3OFTGiCK9oZyFSRq1tkJVHhj
02120,vincentsgibson1@gmail.com,PAID,2023-11-22 21:59:21 -0500,FULFILLED,2023-11-26 01:17:40 -0500,CAD,359.00,0.00,0.00,0.00,359.00,,0.00,,2023-11-22 21:59:21 -0500,1,QC WEEKENDER,359.00,SQ5773996,,false,true,FULFILLED,John Gibson,18 Jefferson Avenue,,Brooklyn,11238,NY,United States,,,,,,,,,,,,ONLINE,Squarespace,02120,Vincent Gibson,Vincentsgibson1@gmail.com,1 (438) 528-5779,"I have read,  understand, and will abide by the CSSC policies.",First Year,Yes,Stripe,ch_3OFT8QCK9oZyFSRq05P51D0J
02119,jojo.milanov@gmail.com,PAID,2023-11-22 21:34:46 -0500,FULFILLED,2023-11-26 01:17:40 -0500,CAD,359.00,0.00,0.00,0.00,359.00,,0.00,,2023-11-22 21:34:46 -0500,1,QC WEEKENDER,359.00,SQ5773996,,false,true,FULFILLED,Zoran Milanov,Lindsay Drive,,Oakville,L6M 3B4,ON,Canada,,,,,,,,,,,,ONLINE,Squarespace,02119,Jovan Milanov,jojo.milanov@gmail.com," (905) 580-4474","I have read,  understand, and will abide by the CSSC policies.",Second Year,Yes,Stripe,ch_3OFSkcCK9oZyFSRq1Fz8aEmU
02118,allisonjarnott@gmail.com,PAID,2023-11-22 17:33:29 -0500,FULFILLED,2023-11-26 01:17:40 -0500,CAD,359.00,0.00,0.00,0.00,359.00,,0.00,,2023-11-22 17:33:29 -0500,1,QC WEEKENDER,359.00,SQ5773996,,false,true,FULFILLED,Allison Arnott,82 Caroline Avenue,,Toronto,M4M 2X7,ON,Canada,,,,,,,,,,,,ONLINE,Squarespace,02118,Rachel Malcolmson,rachelmalcolmson@yahoo.ca,1 (416) 700-6465,"I have read,  understand, and will abide by the CSSC policies.",First Year,Yes,Stripe,ch_3OFOz7CK9oZyFSRq05JsL5Y1
02117,raff.n17@gmail.com,PAID,2023-11-22 15:11:03 -0500,FULFILLED,2023-11-26 01:17:40 -0500,CAD,359.00,0.00,0.00,0.00,359.00,,0.00,,2023-11-22 15:11:03 -0500,1,QC WEEKENDER,359.00,SQ5773996,,false,true,FULFILLED,Raffaele Nelli,1080 Crois De La Picardière,,Laval,H7E 4A3,QC,Canada,,,,,,,,,,,,ONLINE,Squarespace,02117,Raffaele Nelli,raff.n17@gmail.com," (514) 975-0317","I have read,  understand, and will abide by the CSSC policies.",First Year,Yes,Stripe,ch_3OFMlHCK9oZyFSRq0jzZmEeY
02116,martapverde@hotmail.com,PAID,2023-11-22 10:36:28 -0500,FULFILLED,2023-11-26 01:17:40 -0500,CAD,359.00,0.00,0.00,0.00,359.00,,0.00,,2023-11-22 10:36:28 -0500,1,QC WEEKENDER,359.00,SQ5773996,,false,true,FULFILLED,Marta Puente Verde,1430 Rue City Councillors,,Montréal,H3B 1B4,QC,Canada,,,,,,,,,,,,ONLINE,Squarespace,02116,Marta Puente Verde,martapverde@hotmail.com,1 (579) 421-6286,"I have read,  understand, and will abide by the CSSC policies.",First Year,Yes,Stripe,ch_3OFITZCK9oZyFSRq1qs77Sd1
02115,arden.finkelstein@gmail.com,PAID,2023-11-21 20:01:45 -0500,FULFILLED,2023-11-26 01:17:40 -0500,CAD,359.00,0.00,0.00,0.00,359.00,,0.00,,2023-11-21 20:01:45 -0500,1,QC WEEKENDER,359.00,SQ5773996,,false,true,FULFILLED,ADAM BA FINKELSTEIN,4580 Avenue Mariette,,Montréal,H4B 2G2,QC,Canada,,,,,,,,,,,,ONLINE,Squarespace,02115,Arden Finkelstein,arden.finkelstein@gmail.com,'+1 (438) 763-2234,"I have read,  understand, and will abide by the CSSC policies.",Not a Concordia student,Yes,Stripe,ch_3OF4p3CK9oZyFSRq1CbKujhv
02114,brennanc2004@gmail.com,PAID,2023-11-21 19:59:29 -0500,FULFILLED,2023-11-26 01:17:40 -0500,CAD,359.00,0.00,0.00,0.00,359.00,,0.00,,2023-11-21 19:59:29 -0500,1,QC WEEKENDER,359.00,SQ5773996,,false,true,FULFILLED,Brennan Campbell,3511 belmore av,,montreal,H4B 2B8,QC,Canada,,,,,,,,,,,,ONLINE,Squarespace,02114,Brennan Campbell,brennanc2004@gmail.com,'+1 (514) 825-2439,"I have read,  understand, and will abide by the CSSC policies.",First Year,Yes,Stripe,ch_3OF4mrCK9oZyFSRq0tSIshkl
02113,yanved2@gmail.com,PAID,2023-11-21 19:57:07 -0500,FULFILLED,2023-11-26 01:17:40 -0500,CAD,359.00,0.00,0.00,0.00,359.00,,0.00,,2023-11-21 19:57:07 -0500,1,QC WEEKENDER,359.00,SQ5773996,,false,true,FULFILLED,Yan Ved,77 ave du Tresor Caché,,Montreal,H8R 3K2,QC,Canada,,,,,,,,,,,,ONLINE,Squarespace,02113,Yan Ved,yanved2@gmail.com,'+1 (514) 562-2146,"I have read,  understand, and will abide by the CSSC policies.",First Year,Yes,Stripe,ch_3OF4kZCK9oZyFSRq1KVbzJPj
02112,adeleskelton@hotmail.ca,PAID,2023-11-21 18:59:40 -0500,FULFILLED,2023-11-26 01:17:40 -0500,CAD,359.00,0.00,0.00,0.00,359.00,,0.00,,2023-11-21 18:59:40 -0500,1,QC WEEKENDER,359.00,SQ5773996,,false,true,FULFILLED,Adele Skelton,581 Thessaly Circle,,ottawa,K1H 5W9,ON,Canada,,,,,,,,,,,,ONLINE,Squarespace,02112,Adele Skelton,adeleskelton@hotmail.ca,1 (343) 262-3704,"I have read,  understand, and will abide by the CSSC policies.",First Year,Yes,Stripe,ch_3OF3qyCK9oZyFSRq00UoTRfD
02111,mccauleylily@gmail.com,PAID,2023-11-21 18:59:02 -0500,FULFILLED,2023-11-26 01:17:40 -0500,CAD,359.00,0.00,0.00,0.00,359.00,,0.00,,2023-11-21 18:59:02 -0500,1,QC WEEKENDER,359.00,SQ5773996,,false,true,FULFILLED,Gwyndolyn Jones McCauley,55 Brooklyn Avenue,,Toronto,M4M 2X4,ON,Canada,,,,,,,,,,,,ONLINE,Squarespace,02111,Lily Mccauley,mccauleylily@gmail.com,1 (416) 770-3663,"I have read,  understand, and will abide by the CSSC policies.",First Year,Yes,Stripe,ch_3OF3qNCK9oZyFSRq0k3nqoBx
02110,sean.bourque@yahoo.ca,PAID,2023-11-21 18:26:48 -0500,pending,,CAD,359.00,0.00,0.00,0.00,359.00,,0.00,,2023-11-21 18:26:48 -0500,1,QC WEEKENDER,359.00,SQ5773996,,false,true,pending,Robert Bourque,292 Oakdale crescent,,Beaconsfied,H9W1X2,QC,Canada,,,,,,,,,,,,ONLINE,Squarespace,02110,Sean Bourque,sean.bourque@yahoo.ca,'+1 (514) 512-7040,"I have read,  understand, and will abide by the CSSC policies.",First Year,Yes,Stripe,ch_3OF3LBCK9oZyFSRq1EjS7ZQs
02109,cedgolf3@icloud.com,PAID,2023-11-21 18:12:31 -0500,pending,,CAD,359.00,0.00,0.00,0.00,359.00,,0.00,,2023-11-21 18:12:31 -0500,1,QC WEEKENDER,359.00,SQ5773996,,false,true,pending,Linda Funnekotter,39,Thomas Dennis,NDIP,J7W 3L1,QC,Canada,,,,,,,,,,,,ONLINE,Squarespace,02109,Cedric St-Onge,cedgolf3@icloud.com,1 (514) 915-7005,"I have read,  understand, and will abide by the CSSC policies.",First Year,Yes,Stripe,ch_3OF37MCK9oZyFSRq1yEGq3H4
02108,lokiebt@gmail.com,PAID,2023-11-20 20:49:58 -0500,pending,,CAD,359.00,0.00,0.00,0.00,359.00,,0.00,,2023-11-20 20:49:58 -0500,1,QC WEEKENDER,359.00,SQ5773996,,false,true,pending,Eric Tate,182 W 16th Ave,,Vancouver,V5Y 1Y7,BC,Canada,,,,,,,,,,,,ONLINE,Squarespace,02108,Eric Tate,lokiebt@gmail.com,'+1 (604) 442-7524,"I have read,  understand, and will abide by the CSSC policies.",First Year,Yes,Stripe,ch_3OEj6ACK9oZyFSRq0iWKHfXt
02107,kailazarov@gmail.com,PAID,2023-11-19 17:15:21 -0500,pending,,CAD,359.00,0.00,0.00,0.00,359.00,,0.00,,2023-11-19 17:15:21 -0500,1,QC WEEKENDER,359.00,SQ5773996,,false,true,pending,Kai Lazarov,4532 Avenue du Parc,,Montréal,H2V 4E3,QC,Canada,,,,,,,,,,,,ONLINE,Squarespace,02107,Kai Lazarov,kailazarov@gmail.com,'+1 (650) 278-3903,"I have read,  understand, and will abide by the CSSC policies.",Third Year+,Yes,Stripe,ch_3OEJGvCK9oZyFSRq08l3Oi3K
02106,maggiecharlottegordon@gmail.com,PAID,2023-11-18 14:38:25 -0500,pending,,CAD,359.00,0.00,0.00,0.00,359.00,,0.00,,2023-11-18 14:38:25 -0500,1,QC WEEKENDER,359.00,SQ5773996,,false,true,pending,Eva Georg,3322 W 6th Ave,,Vancouver,V6R 1T1,BC,Canada,,,,,,,,,,,,ONLINE,Squarespace,02106,Maggie Gordon,maggiecharlottegordon@gmail.com,1 (778) 957-5669,"I have read,  understand, and will abide by the CSSC policies.",First Year,Yes,Stripe,ch_3ODuLVCK9oZyFSRq1oSkl1A8
02105,iwan@olier.net,PAID,2023-11-18 10:34:22 -0500,pending,,CAD,359.00,0.00,0.00,0.00,359.00,,0.00,,2023-11-18 10:34:22 -0500,1,QC WEEKENDER,359.00,SQ5773996,,false,true,pending,Iwan Olier,1190 Rue Guy,,Montreal,H3G 1M8,QC,Canada,,,,,,,,,,,,ONLINE,Squarespace,02105,Iwan Olier,iwan@olier.net,'+1 (438) 529-2892,"I have read,  understand, and will abide by the CSSC policies.",First Year,Yes,Stripe,ch_3ODqXKCK9oZyFSRq1Cqc7KXx
02104,pablo.villafuerte05@gmail.com,PAID,2023-11-16 21:45:33 -0500,FULFILLED,2023-11-17 16:20:14 -0500,CAD,359.00,0.00,0.00,0.00,359.00,,0.00,,2023-11-16 21:45:33 -0500,1,QC WEEKENDER,359.00,SQ5773996,,false,true,FULFILLED,Pablo Villafuerte,1455 Boulevard De Maisonneuve Ouest,Concordia University Grey Nuns Residence room #f-136,Montreal,H3G 1M8,QC,Canada,,,,,,,,,,,,ONLINE,Squarespace,02104,Pablo Villafuerte,pablo.villafuerte05@gmail.com,1 (587) 971-3349,"I have read,  understand, and will abide by the CSSC policies.",First Year,Yes,Stripe,ch_3ODI3lCK9oZyFSRq1ZHzkQLr
02103,kmacabe5@gmail.com,PAID,2023-11-16 20:58:44 -0500,FULFILLED,2023-11-17 16:20:14 -0500,CAD,359.00,0.00,0.00,0.00,359.00,,0.00,,2023-11-16 20:58:44 -0500,1,QC WEEKENDER,359.00,SQ5773996,,false,true,FULFILLED,Kerry McCabe,832 east 15th street,,Vancouver,V5t2r9,BC,Canada,,,,,,,,,,,,ONLINE,Squarespace,02103,Kerry McCabe,kmacabe5@gmail.com,1 (613) 402-8505,"I have read,  understand, and will abide by the CSSC policies.",First Year,Yes,Stripe,ch_3ODHKSCK9oZyFSRq1CPJMR9X
02102,willogorman777@gmail.com,PAID,2023-11-16 15:34:49 -0500,FULFILLED,2023-11-17 16:20:14 -0500,CAD,359.00,0.00,0.00,0.00,359.00,,0.00,,2023-11-16 15:34:49 -0500,1,QC WEEKENDER,359.00,SQ5773996,,false,true,FULFILLED,Will Ogorman,1190 Rue Guy,,Montréal,H3H 2L4,QC,Canada,,,,,,,,,,,,ONLINE,Squarespace,02102,Will Ogorman,willogorman777@gmail.com,1 (613) 227-8177,"I have read,  understand, and will abide by the CSSC policies.",First Year,Yes,Stripe,ch_3ODCGzCK9oZyFSRq0YfjYjPz
02101,julespont@hotmail.fr,PAID,2023-11-16 15:03:47 -0500,FULFILLED,2023-11-17 16:20:14 -0500,CAD,359.00,0.00,0.00,0.00,359.00,,0.00,,2023-11-16 15:03:47 -0500,1,QC WEEKENDER,359.00,SQ5773996,,false,true,FULFILLED,Jules Pontbriand,6681 Rue Drolet,,Montreal,H2S 2S9,QC,Canada,,,,,,,,,,,,ONLINE,Squarespace,02101,Jules Pontbriand,julespont@hotmail.fr," (514) 929-2984","I have read,  understand, and will abide by the CSSC policies.",First Year,Yes,Stripe,ch_3ODBmyCK9oZyFSRq0xVbvkpB
02100,brianna5657@gmail.com,PAID,2023-11-16 13:20:29 -0500,FULFILLED,2023-11-17 16:20:14 -0500,CAD,359.00,0.00,0.00,0.00,359.00,,0.00,,2023-11-16 13:20:29 -0500,1,QC WEEKENDER,359.00,SQ5773996,,false,true,FULFILLED,Brianna Goldstein,50 Sadot Court,,Thornhill,L4J 8A8,ON,Canada,,,,,,,,,,,,ONLINE,Squarespace,02100,Brianna Goldstein,brianna5657@gmail.com," (647) 467-5657","I have read,  understand, and will abide by the CSSC policies.",,Yes,Stripe,ch_3ODAB0CK9oZyFSRq0zIQkbAV
02099,sisttiesofia@gmail.com,PAID,2023-11-15 22:33:31 -0500,FULFILLED,2023-11-17 16:20:14 -0500,CAD,359.00,0.00,0.00,0.00,359.00,,0.00,,2023-11-15 22:33:31 -0500,1,QC WEEKENDER,359.00,SQ5773996,,false,true,FULFILLED,Sofia Sisttie,67 Elliot Avenue,,Ottawa,K1S 0M3,ON,Canada,,,,,,,,,,,,ONLINE,Squarespace,02099,Sofia Sisttie,sisttiesofia@gmail.com,1 (613) 804-9191,"I have read,  understand, and will abide by the CSSC policies.",First Year,Yes,Stripe,ch_3OCwKdCK9oZyFSRq0dClK3Ed
02098,sashalenoreellis@gmail.com,PAID,2023-11-15 22:18:10 -0500,FULFILLED,2023-11-17 16:20:14 -0500,CAD,359.00,0.00,0.00,0.00,359.00,,0.00,,2023-11-15 22:18:10 -0500,1,QC WEEKENDER,359.00,SQ5773996,,false,true,FULFILLED,Sasha Ellis,1190 Rue Guy,,Montréal,H3H 2L4,QC,Canada,,,,,,,,,,,,ONLINE,Squarespace,02098,Sasha Ellis,sashalenoreellis@gmail.com,1 (613) 306-8233,"I have read,  understand, and will abide by the CSSC policies.",First Year,Yes,Stripe,ch_3OCw5mCK9oZyFSRq0T8Ra4AD
02097,shaannoonisthecoolest@gmail.com,PAID,2023-11-15 21:51:14 -0500,FULFILLED,2023-11-17 16:20:14 -0500,CAD,359.00,0.00,0.00,0.00,359.00,,0.00,,2023-11-15 21:51:14 -0500,1,QC WEEKENDER,359.00,SQ5773996,,false,true,FULFILLED,Shannon King-Richards,491 Westminster Av.,,Dollard-des-Ormeaux,H9G1E4,QC,Canada,,,,,,,,,,,,ONLINE,Squarespace,02097,Shannon King-Richards,shannon.kr.6@gmail.com,1 (514) 601-7426,"I have read,  understand, and will abide by the CSSC policies.",Third Year+,Yes,Stripe,ch_3OCvfiCK9oZyFSRq16rO6qWp
02096,lcouldridge@gmail.com,PAID,2023-11-15 16:16:10 -0500,FULFILLED,2023-11-17 16:20:14 -0500,CAD,359.00,0.00,0.00,0.00,359.00,,0.00,,2023-11-15 16:16:10 -0500,1,QC WEEKENDER,359.00,SQ5773996,,false,true,FULFILLED,Lisa Choi,31 Welkin Crescent,,Ottawa,K2E 5M4,ON,Canada,,,,,,,,,,,,ONLINE,Squarespace,02096,Amelia Choi,ameliastephchoi@gmail.com,1 (613) 408-6879,"I have read,  understand, and will abide by the CSSC policies.",,Yes,Stripe,ch_3OCqRTCK9oZyFSRq1ZADyzEf
02095,lukedanielcarter1@gmail.com,PAID,2023-11-15 15:19:21 -0500,FULFILLED,2023-11-17 16:20:14 -0500,CAD,359.00,0.00,0.00,0.00,359.00,,0.00,,2023-11-15 15:19:21 -0500,1,QC WEEKENDER,359.00,SQ5773996,,false,true,FULFILLED,Luke Carter,462 East 28th Avenue,,Vancouver,V5V 2N3,BC,Canada,,,,,,,,,,,,ONLINE,Squarespace,02095,Luke Carter,lukedanielcarter1@gmail.com,'+1 (604) 505-1254,"I have read,  understand, and will abide by the CSSC policies.",,Yes,Stripe,ch_3OCpYTCK9oZyFSRq0Ywwo95r
02094,kbuen8@gmail.com,PAID,2023-11-15 15:17:58 -0500,FULFILLED,2023-11-17 16:20:14 -0500,CAD,359.00,0.00,0.00,0.00,359.00,,0.00,,2023-11-15 15:17:58 -0500,1,QC WEEKENDER,359.00,SQ5773996,,false,true,FULFILLED,Kaitlin Buenviaje,2163 Rue des Malards,,Vaudreuil-Dorion,J7V 9R5,QC,Canada,,,,,,,,,,,,ONLINE,Squarespace,02094,Maxime Dion-Globensky,mdiongloben@gmail.com,1 (438) 824-4315,"I have read,  understand, and will abide by the CSSC policies.",,Yes,Stripe,ch_3OCpX9CK9oZyFSRq0iw1fUAr
02093,scallynoah@gmail.com,PAID,2023-11-14 23:31:36 -0500,FULFILLED,2023-11-17 16:20:14 -0500,CAD,359.00,0.00,0.00,0.00,359.00,,0.00,,2023-11-14 23:31:36 -0500,1,QC WEEKENDER,359.00,SQ5773996,,false,true,FULFILLED,Noah Scally,505 Fairlawn Avenue,,Libertyville,60048,IL,United States,,,,,,,,,,,,ONLINE,Squarespace,02093,Noah Scally,scallynoah@gmail.com,1 (224) 214-8201,"I have read,  understand, and will abide by the CSSC policies.",,Yes,Stripe,ch_3OCalICK9oZyFSRq1qR2fd0f
02092,aoueini1@gmail.com,PAID,2023-11-14 22:25:16 -0500,FULFILLED,2023-11-17 16:20:14 -0500,CAD,359.00,0.00,0.00,0.00,359.00,,0.00,,2023-11-14 22:25:16 -0500,1,QC WEEKENDER,359.00,SQ5773996,,false,true,FULFILLED,Adrien Oueini,221 Gladys Avenue,5,MOUNTAIN VIEW,94043,CA,United States,,,,,,,,,,,,ONLINE,Squarespace,02092,Adrien Oueini,aoueini1@gmail.com,1 (650) 314-8508,"I have read,  understand, and will abide by the CSSC policies.",,Yes,Stripe,ch_3OCZj7CK9oZyFSRq1fVKBmBa
02091,textmateo32@gmail.com,PAID,2023-11-14 20:23:47 -0500,FULFILLED,2023-11-17 16:20:14 -0500,CAD,359.00,0.00,0.00,0.00,359.00,,0.00,,2023-11-14 20:23:47 -0500,1,QC WEEKENDER,359.00,SQ5773996,,false,true,FULFILLED,Mateo Villafuerte,148 Hidden Valley Pl NW,,Calgary,T3A 4Z6,AB,Canada,,,,,,,,,,,,ONLINE,Squarespace,02091,Mateo Villafuerte,mateo.villafuerte05@hotmail.com,1 (587) 839-6283,"I have read,  understand, and will abide by the CSSC policies.",,Yes,Stripe,ch_3OCXpXCK9oZyFSRq16O0lRFQ
02090,teaganrodrigues2@gmail.com,PAID,2023-11-14 14:58:38 -0500,FULFILLED,2023-11-17 16:20:14 -0500,CAD,359.00,0.00,0.00,0.00,359.00,,0.00,,2023-11-14 14:58:38 -0500,1,QC WEEKENDER,359.00,SQ5773996,,false,true,FULFILLED,Hadi Faour,60 Glendenning Drive,,Ottawa,K2H 7Y9,ON,Canada,,,,,,,,,,,"[2023-12-14 13:41:28 -0500]
Buyer information:
Hadi Faour
hadifaourvanier@gmail.com
514-570-7148",ONLINE,Squarespace,02090,Hadi Faour,hadifaourvanier@gmail.com,514-570-7148,"I have read,  understand, and will abide by the CSSC policies.",Ticket-Transfer,Yes,Stripe,ch_3OCSksCK9oZyFSRq0kqOi55l
02089,lucas.bodard@icloud.com,PAID,2023-11-13 21:59:11 -0500,FULFILLED,2023-11-17 16:20:14 -0500,CAD,359.00,0.00,0.00,0.00,359.00,,0.00,,2023-11-13 21:59:11 -0500,1,QC WEEKENDER,359.00,SQ5773996,,false,true,FULFILLED,Lucas Bodard,1190 Rue Guy,,Montréal,H3H 2L4,QC,Canada,,,,,,,,,,,,ONLINE,Squarespace,02089,Lucas Bodard,lucas.bodard@icloud.com,'+33 (067) 972-8859,"I have read,  understand, and will abide by the CSSC policies.",,Yes,Stripe,ch_3OCCqKCK9oZyFSRq1ie1rMy5
02088,sim.tranchand@gmail.com,PAID,2023-11-13 21:58:19 -0500,FULFILLED,2023-11-17 16:20:14 -0500,CAD,359.00,0.00,0.00,0.00,359.00,,0.00,,2023-11-13 21:58:19 -0500,1,QC WEEKENDER,359.00,SQ5773996,,false,true,FULFILLED,Simon Tranchand,1190 Rue Guy,,Montréal,H3H 2L4,QC,Canada,,,,,,,,,,,,ONLINE,Squarespace,02088,Simon Tranchand,sim.tranchand@gmail.com,'+33 (065) 116-5264,"I have read,  understand, and will abide by the CSSC policies.",,Yes,Stripe,ch_3OCCpTCK9oZyFSRq0kL4CEiA
02087,colingreffeuille.vsp@gmail.com,PAID,2023-11-13 21:58:02 -0500,FULFILLED,2023-11-17 16:20:14 -0500,CAD,359.00,0.00,0.00,0.00,359.00,,0.00,,2023-11-13 21:58:02 -0500,1,QC WEEKENDER,359.00,SQ5773996,,false,true,FULFILLED,Colin Greffeuille,1455 Boulevard De Maisonneuve Ouest,Room G-111,Montreal,H3G 1M8,QC,Canada,,,,,,,,,,,,ONLINE,Squarespace,02087,Colin Greffeuille,colingreffeuille.vsp@gmail.com,'+1 (438) 529-2892,"I have read,  understand, and will abide by the CSSC policies.",,Yes,Stripe,ch_3OCCpCCK9oZyFSRq1o49jQKa
02086,kbuen8@gmail.com,PAID,2023-11-13 17:45:40 -0500,FULFILLED,2023-11-17 16:20:14 -0500,CAD,718.00,0.00,0.00,0.00,718.00,,0.00,,2023-11-13 17:45:40 -0500,1,QC WEEKENDER,359.00,SQ5773996,,false,true,FULFILLED,Kaitlin Buenviaje,2163 Rue des Malards,,Vaudreuil-Dorion,J7V 9R5,QC,Canada,,,,,,,,,,,,ONLINE,Squarespace,02086,Tyler Buenviaje,lubixlunhui@gmail.com,1 (438) 336-7369,"I have read,  understand, and will abide by the CSSC policies.",,Yes,Stripe,ch_3OC8syCK9oZyFSRq1TSYeKEe
02086,,,,,,,,,,,,,,,,1,QC WEEKENDER,359.00,SQ5773996,,false,true,FULFILLED,,,,,,,,,,,,,,,,,,,,,,Sidney Buenviaje,buenviajesidney123@gmail.com,1 (514) 710-4076,"I have read,  understand, and will abide by the CSSC policies.",,Yes,,
02085,kbuen8@gmail.com,PAID,2023-11-13 17:42:00 -0500,FULFILLED,2023-11-17 16:20:14 -0500,CAD,359.00,0.00,0.00,0.00,359.00,,0.00,,2023-11-13 17:42:00 -0500,1,QC WEEKENDER,359.00,SQ5773996,,false,true,FULFILLED,Kaitlin Buenviaje,2163 Rue des Malards,,Vaudreuil-Dorion,J7V 9R5,QC,Canada,,,,,,,,,,,,ONLINE,Squarespace,02085,Kaitlin Buenviaje,kbuen8@gmail.com,1 (514) 834-7369,"I have read,  understand, and will abide by the CSSC policies.",,Yes,Stripe,ch_3OC8pQCK9oZyFSRq163SaTvf
02084,anthonydp1@hotmail.com,PAID,2023-11-12 16:54:30 -0500,FULFILLED,2023-11-17 16:20:26 -0500,CAD,359.00,0.00,0.00,0.00,359.00,,0.00,,2023-11-12 16:54:30 -0500,1,QC WEEKENDER,359.00,SQ5773996,,false,true,FULFILLED,Anthony Di Primio,41,Cherry Lane,Kirkland,H9H 3G5,QC,Canada,,,,,,,,,,,,ONLINE,Squarespace,02084,Anthony Di Primio,anthonydp1@hotmail.com,1 (514) 943-7461,"I have read,  understand, and will abide by the CSSC policies.",,Yes,Stripe,ch_3OBlbuCK9oZyFSRq0coZr9M2
02083,tyja81@gmail.com,PAID,2023-11-12 15:41:17 -0500,FULFILLED,2023-11-17 16:20:26 -0500,CAD,359.00,0.00,0.00,0.00,359.00,,0.00,,2023-11-12 15:41:17 -0500,1,QC WEEKENDER,359.00,SQ5773996,,false,true,FULFILLED,Tyja Malcolmson,1540 Avenue Summerhill,,Montréal,H3H 1C1,QC,Canada,,,,,,,,,,,,ONLINE,Squarespace,02083,Tyja Malcolmson,tyja81@gmail.com," (647) 668-8952","I have read,  understand, and will abide by the CSSC policies.",,Yes,Stripe,ch_3OBkT3CK9oZyFSRq1fpNIDUq
02082,ojerleyre@gmail.com,PAID,2023-11-12 08:14:55 -0500,FULFILLED,2023-11-17 16:20:26 -0500,CAD,359.00,0.00,0.00,0.00,359.00,,0.00,,2023-11-12 08:14:55 -0500,1,QC WEEKENDER,359.00,SQ5773996,,false,true,FULFILLED,leyre ojer,1430 Rue City Councillors,,Montréal,H3B 1B4,QC,Canada,,,,,,,,,,,,ONLINE,Squarespace,02082,leyre ojer,ojerleyre@gmail.com,'+1 (438) 470-9870,"I have read,  understand, and will abide by the CSSC policies.",,Yes,Stripe,ch_3OBdV5CK9oZyFSRq1kWWZAsq
02081,cseifff@gmail.com,PAID,2023-11-11 22:28:22 -0500,FULFILLED,2023-11-17 16:20:26 -0500,CAD,359.00,0.00,0.00,0.00,359.00,,0.00,,2023-11-11 22:28:22 -0500,1,QC WEEKENDER,359.00,SQ5773996,,false,true,FULFILLED,Charbel Seif,23 Rue Alexandre-Dumas,23,Gatineau,J9J 2X5,QC,Canada,,,,,,,,,,,,ONLINE,Squarespace,02081,Charbel Seif,cseifff@gmail.com,'+1 (819) 930-0913,"I have read,  understand, and will abide by the CSSC policies.",,Yes,Stripe,ch_3OBULSCK9oZyFSRq1PLhr1HD
02080,salameh.antoine@icloud.com,PAID,2023-11-11 18:14:25 -0500,FULFILLED,2023-11-11 22:00:56 -0500,CAD,359.00,0.00,0.00,0.00,359.00,,0.00,,2023-11-11 18:14:25 -0500,1,QC WEEKENDER,359.00,SQ5773996,,false,true,FULFILLED,Antoine Salame,2052 Rue Lambert Closse,,Montréal,H3H 1Z8,QC,Canada,,,,,,,,,,,,ONLINE,Squarespace,02080,Antoine Salame,salameh.antoine@icloud.com," (438) 506-5595","I have read,  understand, and will abide by the CSSC policies.",,Yes,Stripe,ch_3OBQNhCK9oZyFSRq0uyZ2cg6
02079,mnarovliansky@gmail.com,PAID,2023-11-11 18:11:17 -0500,FULFILLED,2023-11-11 22:00:56 -0500,CAD,359.00,0.00,0.00,0.00,359.00,,0.00,,2023-11-11 18:11:17 -0500,1,QC WEEKENDER,359.00,SQ5773996,,false,true,FULFILLED,Maxim Narovliansky,38 Place du Commerce,,Montreal,H3E 1T8,QC,Canada,,,,,,,,,,,,ONLINE,Squarespace,02079,Maxim Narovliansky,mnarovliansky@gmail.com,'+1 (514) 570-4455,"I have read,  understand, and will abide by the CSSC policies.",,Yes,Stripe,ch_3OBQKfCK9oZyFSRq1Ot3eIr6
02078,melaniett190101@gmail.com,PAID,2023-11-11 15:46:38 -0500,FULFILLED,2023-11-11 22:00:56 -0500,CAD,359.00,0.00,0.00,0.00,359.00,,0.00,,2023-11-11 15:46:38 -0500,1,QC WEEKENDER,359.00,SQ5773996,,false,true,FULFILLED,Mélanie Tremblay Turgeon,23 Rue Philippe-Labossière,,Blainville,J7C0E8,QC,Canada,,,,,,,,,,,,ONLINE,Squarespace,02078,Mélanie Tremblay Turgeon,melaniett190101@gmail.com,1 (514) 705-6881,"I have read,  understand, and will abide by the CSSC policies.",,Yes,Stripe,ch_3OBO4gCK9oZyFSRq1mSFjAay
02077,paulmorlans@yahoo.fr,PAID,2023-11-11 15:41:52 -0500,FULFILLED,2023-11-11 22:00:56 -0500,CAD,359.00,0.00,0.00,0.00,359.00,,0.00,,2023-11-11 15:41:52 -0500,1,QC WEEKENDER,359.00,SQ5773996,,false,true,FULFILLED,Paul Morlans,2 rue Jacques Boisot,,La Teste,33260,,France,,,,,,,,,,,,ONLINE,Squarespace,02077,Paul Morlans,paulmorlans@gmail.com,1 (514) 219-1207,"I have read,  understand, and will abide by the CSSC policies.",,Yes,Stripe,ch_3OBO04CK9oZyFSRq1PkE2dqr
02076,eloicorbeil@gmail.com,PAID,2023-11-11 15:15:32 -0500,FULFILLED,2023-11-11 22:00:50 -0500,CAD,359.00,0.00,0.00,0.00,359.00,,0.00,,2023-11-11 15:15:32 -0500,1,QC WEEKENDER,359.00,SQ5773996,,false,true,FULFILLED,Eloi Corbeil,5 Rue De Feron,,Candiac,J5R6V8,Quebec,Canada,,,,,,,,,,,,ONLINE,Squarespace,02076,Éloi Corbeil,eloicorbeil@gmail.com,1 (514) 805-5000,"I have read,  understand, and will abide by the CSSC policies.",,Yes,Stripe,ch_3OBNaaCK9oZyFSRq0pe39cNg
02075,claireadelaide7@icloud.com,PAID,2023-11-11 14:58:56 -0500,FULFILLED,2023-11-11 22:00:50 -0500,CAD,359.00,0.00,0.00,0.00,359.00,,0.00,,2023-11-11 14:58:56 -0500,1,QC WEEKENDER,359.00,SQ5773996,,false,true,FULFILLED,Claire Provan,10 Bellefair Avenue,,Toronto,M4L 3T8,ON,Canada,,,,,,,,,,,,ONLINE,Squarespace,02075,Claire Provan,claireadelaide7@icloud.com," (416) 505-1182","I have read,  understand, and will abide by the CSSC policies.",,Yes,Stripe,ch_3OBNKWCK9oZyFSRq0xItrEps
02074,sadiehouse@icloud.com,PAID,2023-11-11 14:54:30 -0500,FULFILLED,2023-11-11 22:00:50 -0500,CAD,359.00,0.00,0.00,0.00,359.00,,0.00,,2023-11-11 14:54:30 -0500,1,QC WEEKENDER,359.00,SQ5773996,,false,true,FULFILLED,Sadie House,41 Grosvenor Avenue,,Ottawa,K1S 4S1,ON,Canada,,,,,,,,,,,,ONLINE,Squarespace,02074,Sadie House,sadiehouse@icloud.com,1 (613) 292-6682,"I have read,  understand, and will abide by the CSSC policies.",,Yes,Stripe,ch_3OBNGFCK9oZyFSRq0ZaNNe8Z
02073,jazzfaucon@gmail.com,PAID,2023-11-11 14:46:28 -0500,FULFILLED,2023-11-11 22:00:50 -0500,CAD,359.00,0.00,0.00,0.00,359.00,,0.00,,2023-11-11 14:46:28 -0500,1,QC WEEKENDER,359.00,SQ5773996,,false,true,FULFILLED,Jazz Faucon,1770 Rue Joseph-Manseau,1604,Montréal,H3H 0A8,QC,Canada,,,,,,,,,,,,ONLINE,Squarespace,02073,Jazz Faucon,jazzfaucon@gmail.com,'+1 (438) 364-6137,"I have read,  understand, and will abide by the CSSC policies.",,Yes,Stripe,ch_3OBN8SCK9oZyFSRq0YWPVEI7
02072,fabipreda@gmail.com,PAID,2023-11-11 14:41:51 -0500,FULFILLED,2023-11-11 22:00:50 -0500,CAD,359.00,0.00,0.00,0.00,359.00,,0.00,,2023-11-11 14:41:51 -0500,1,QC WEEKENDER,359.00,SQ5773996,,false,true,FULFILLED,Fabian Preda,518 Rue Josiane,,Laval,H7P 5R3,QC,Canada,,,,,,,,,,,,ONLINE,Squarespace,02072,Fabian Preda,fabirpeda@gmail.com,1 (438) 530-1210,"I have read,  understand, and will abide by the CSSC policies.",,Yes,Stripe,ch_3OBN40CK9oZyFSRq1U1bjpvK
02071,keali.barker@gmail.com,PAID,2023-11-11 13:14:36 -0500,FULFILLED,2023-11-11 22:00:50 -0500,CAD,359.00,0.00,0.00,0.00,359.00,,0.00,,2023-11-11 13:14:36 -0500,1,QC WEEKENDER,359.00,SQ5773996,,false,true,FULFILLED,keali barker,2001 Rue du Belvédère,,Deux-Montagnes,J7R 4E8,QC,Canada,,,,,,,,,,,,ONLINE,Squarespace,02071,keali barker,keali.barker@gmail.com,1 (514) 431-3509,"I have read,  understand, and will abide by the CSSC policies.",,Yes,Stripe,ch_3OBLhYCK9oZyFSRq100Eu0nZ
02070,d.starkhatwani@gmail.com,PAID,2023-11-10 22:10:08 -0500,FULFILLED,2023-11-11 22:00:50 -0500,CAD,359.00,0.00,0.00,0.00,359.00,,0.00,,2023-11-10 22:10:08 -0500,1,QC WEEKENDER,359.00,SQ5773996,,false,true,FULFILLED,Sanjeev Khatwani,"Calle Circumvalacion, El Dorado, Casa F1",,Panamá,,Provincia de Panamá,Panama,,,,,,,,,,,,ONLINE,Squarespace,02070,Dhruv Khatwani,d.starkhatwani@gmail.com,'+1 (514) 915-2222,"I have read,  understand, and will abide by the CSSC policies.",,Yes,Stripe,ch_3OB7aGCK9oZyFSRq0kgfNAwo
02069,janeillman2@gmail.com,PAID,2023-11-10 18:57:08 -0500,FULFILLED,2023-11-11 22:00:50 -0500,CAD,359.00,0.00,0.00,0.00,359.00,,0.00,,2023-11-10 18:57:08 -0500,1,QC WEEKENDER,359.00,SQ5773996,,false,true,FULFILLED,Jane Illman,1191 Av Hope,3,Montréal,H3H 2A3,QC,Canada,,,,,,,,,,,,ONLINE,Squarespace,02069,Jane Illman,janeillman2@gmail.com,1 (250) 532-0486,"I have read,  understand, and will abide by the CSSC policies.",,Yes,Stripe,ch_3OB4ZUCK9oZyFSRq1o0SlL5O
02068,horizon.lucas14@gmail.com,PAID,2023-11-10 18:55:06 -0500,FULFILLED,2023-11-11 22:00:50 -0500,CAD,359.00,0.00,0.00,0.00,359.00,,0.00,,2023-11-10 18:55:06 -0500,1,QC WEEKENDER,359.00,SQ5773996,,false,true,FULFILLED,Lucas Lewis,39 Brookmount Rd,,Toronto,M4L 3N3,ON,Canada,,,,,,,,,,,,ONLINE,Squarespace,02068,Lucas Lewis,horizon.lucas14@gmail.com,1 (416) 254-4199,"I have read,  understand, and will abide by the CSSC policies.",,Yes,Stripe,ch_3OB4XXCK9oZyFSRq03rLgyAA
02067,alexissamuelsen@hotmail.ca,PAID,2023-11-10 18:22:23 -0500,FULFILLED,2023-11-11 22:00:50 -0500,CAD,359.00,0.00,0.00,0.00,359.00,,0.00,,2023-11-10 18:22:23 -0500,1,QC WEEKENDER,359.00,SQ5773996,,false,true,FULFILLED,Alexis Samuelsen,5121 Rue Dauville,,Montréal,H9K 1E8,QC,Canada,,,,,,,,,,,,ONLINE,Squarespace,02067,Alexis Samuelsen,alexissamuelsen@hotmail.ca," (438) 501-5114","I have read,  understand, and will abide by the CSSC policies.",,Yes,Stripe,ch_3OB41rCK9oZyFSRq05wgPRNE
02066,amannuckchady@gmail.com,PAID,2023-11-10 17:47:32 -0500,FULFILLED,2023-11-11 22:00:50 -0500,CAD,359.00,0.00,0.00,0.00,359.00,,0.00,,2023-11-10 17:47:32 -0500,1,QC WEEKENDER,359.00,SQ5773996,,false,true,FULFILLED,Aman Nuckchady,1411 Rue du Fort,,Montréal,H3H 2N7,QC,Canada,,,,,,,,,,,,ONLINE,Squarespace,02066,Aman Nuckchady,amannuckchady@gmail.com,1 (438) 282-6410,"I have read,  understand, and will abide by the CSSC policies.",,Yes,Stripe,ch_3OB3U8CK9oZyFSRq1jt5Ipi4
02065,danathj01@gmail.com,PAID,2023-11-10 17:40:28 -0500,FULFILLED,2023-11-11 22:00:50 -0500,CAD,359.00,0.00,0.00,0.00,359.00,,0.00,,2023-11-10 17:40:28 -0500,1,QC WEEKENDER,359.00,SQ5773996,,false,true,FULFILLED,Danath Jugun,777 Boulevard Robert-Bourassa,,Montréal,H3C 3Z7,QC,Canada,,,,,,,,,,,,ONLINE,Squarespace,02065,Danath Jugun,danathj01@gmail.com,1 (438) 282-2111,"I have read,  understand, and will abide by the CSSC policies.",,Yes,Stripe,ch_3OB3NICK9oZyFSRq0RKyYSlR
02064,craftdmplayz@gmail.com,PAID,2023-11-10 17:32:09 -0500,FULFILLED,2023-11-11 22:00:50 -0500,CAD,359.00,0.00,0.00,0.00,359.00,,0.00,,2023-11-10 17:32:09 -0500,1,QC WEEKENDER,359.00,SQ5773996,,false,true,FULFILLED,Jacky Al-Siddiq,63 Lady Game Drive,,Killara,2071,NSW,Australia,,,,,,,,,,,,ONLINE,Squarespace,02064,Basem Al-Siddiq,basem.alsiddiq@gmail.com,'+61 (431) 099-0301,"I have read,  understand, and will abide by the CSSC policies.",,Yes,Stripe,ch_3OB3FGCK9oZyFSRq023dpHS4
02063,gabrielnoriega27@gmail.com,PAID,2023-11-10 17:29:11 -0500,FULFILLED,2023-11-11 22:00:50 -0500,CAD,359.00,0.00,0.00,0.00,359.00,,0.00,,2023-11-10 17:29:11 -0500,1,QC WEEKENDER,359.00,SQ5773996,,false,true,FULFILLED,Ellis Plant,3489 Av. Atwater,,Montreal,H3H 1Y2,QC,Canada,,,,,,,,,,,,ONLINE,Squarespace,02063,Ellis Plant,ellis.r.plant@gmail.com,514 291 3803,"I have read,  understand, and will abide by the CSSC policies.",Ticket-Transfer,Yes,Stripe,ch_3OB3CNCK9oZyFSRq0xNyjTMG
02062,mi_anthony@live.concordia.ca,PAID,2023-11-10 17:28:30 -0500,FULFILLED,2023-11-11 22:00:50 -0500,CAD,359.00,0.00,0.00,0.00,359.00,,0.00,,2023-11-10 17:28:30 -0500,1,QC WEEKENDER,359.00,SQ5773996,,false,true,FULFILLED,Michael Anthony,65 skytop rd,,Ipswich,01938,MA,United States,,,,,,,,,,,,ONLINE,Squarespace,02062,Michael Anthony,mi_antho@live.concordia.ca,1 (978) 500-9578,"I have read,  understand, and will abide by the CSSC policies.",,Yes,Stripe,ch_3OB3BjCK9oZyFSRq1ONVTd0r
02061,stepan.k@icloud.com,PAID,2023-11-10 17:28:27 -0500,FULFILLED,2023-11-11 22:00:50 -0500,CAD,359.00,0.00,0.00,0.00,359.00,,0.00,,2023-11-10 17:28:27 -0500,1,QC WEEKENDER,359.00,SQ5773996,,false,true,FULFILLED,Nicolas Kellock,1101 Rue Rachel E,Apt 706,Montreal,H2J2J7,QC,Canada,,,,,,,,,,,"[2023-12-03 18:18:55 -0500]
Buyer:

Full Name: Nicolas Kellock

Phone Number: 514 779 4302

Email: nicolaskellock4@gmail.com",ONLINE,Squarespace,02061,Nicolas Kellock,nicolaskellock4@gmail.com,514 779 4302,"I have read,  understand, and will abide by the CSSC policies.",Ticket-Transfer,Yes,Stripe,ch_3OB3BfCK9oZyFSRq1lRi22Fk
02060,juangpdlm@gmail.com,PAID,2023-11-10 17:23:11 -0500,FULFILLED,2023-11-11 22:00:50 -0500,CAD,359.00,0.00,0.00,0.00,359.00,,0.00,,2023-11-10 17:23:11 -0500,1,QC WEEKENDER,359.00,SQ5773996,,false,true,FULFILLED,Juan Gomez-Palacio de la Mora,200 fern ave,,Toronto,m6r 1k4,ON,Canada,,,,,,,,,,,,ONLINE,Squarespace,02060,Juan Gomez-Palacio de la Mora,Juangpdlm@gmail.com,'+1 (647) 529-4332,"I have read,  understand, and will abide by the CSSC policies.",,Yes,Stripe,ch_3OB36ZCK9oZyFSRq1XINO1EV
02059,j.ampas@me.com,PAID,2023-11-10 17:22:23 -0500,FULFILLED,2023-11-11 22:00:50 -0500,CAD,359.00,0.00,0.00,0.00,359.00,,0.00,,2023-11-10 17:22:23 -0500,1,QC WEEKENDER,359.00,SQ5773996,,false,true,FULFILLED,Jonathan Ampas,39 Parliament St.,PH03,Toronto,M5A 4R2,ON,Canada,,,,,,,,,,,,ONLINE,Squarespace,02059,Jonathan Ampas,j.ampas@icloud.com,'+1 (416) 819-0196,"I have read,  understand, and will abide by the CSSC policies.",,Yes,Stripe,ch_3OB35nCK9oZyFSRq1oy4O00i
02058,greenberg19r@gmail.com,PAID,2023-11-10 17:20:57 -0500,FULFILLED,2023-11-11 22:00:50 -0500,CAD,359.00,0.00,0.00,0.00,359.00,,0.00,,2023-11-10 17:20:57 -0500,1,QC WEEKENDER,359.00,SQ5773996,,false,true,FULFILLED,Riley Greenberg,8263 Mackle Road,,Côte Saint-Luc,H4W 3L1,QC,Canada,,,,,,,,,,,,ONLINE,Squarespace,02058,Riley Greenberg,greenberg19r@gmail.com,'+1 (514) 980-1865,"I have read,  understand, and will abide by the CSSC policies.",,Yes,Stripe,ch_3OB34PCK9oZyFSRq1uCu5dqe
02057,arekpalakian@gmail.com,PAID,2023-11-10 17:20:02 -0500,FULFILLED,2023-11-11 22:00:50 -0500,CAD,359.00,0.00,0.00,0.00,359.00,,0.00,,2023-11-10 17:20:02 -0500,1,QC WEEKENDER,359.00,SQ5773996,,false,true,FULFILLED,Arek Palakian,1440 rue de l'Everest,,Montreal,H4R2R5,QC,Canada,,,,,,,,,,,,ONLINE,Squarespace,02057,Arek Palakian,arekpalakian@gmail.com,1 (514) 431-1122,"I have read,  understand, and will abide by the CSSC policies.",,Yes,Stripe,ch_3OB33XCK9oZyFSRq0ri6Zud2
02056,aibikunle05@gmail.com,PAID,2023-11-10 17:13:31 -0500,FULFILLED,2023-11-11 22:00:38 -0500,CAD,359.00,0.00,0.00,0.00,359.00,,0.00,,2023-11-10 17:13:31 -0500,1,QC WEEKENDER,359.00,SQ5773996,,false,true,FULFILLED,AbdRahman Ibikunle,777 Boulevard Robert-Bourassa,611,Montréal,H3C 3Z7,QC,Canada,,,,,,,,,,,,ONLINE,Squarespace,02056,AbdRahman Ibikunle,aibikunle05@gmail.com,1 (514) 569-8235,"I have read,  understand, and will abide by the CSSC policies.",,Yes,Stripe,ch_3OB2xDCK9oZyFSRq0qGKFsb1
02055,mattdroz123@gmail.com,PAID,2023-11-10 17:10:10 -0500,FULFILLED,2023-11-11 22:00:38 -0500,CAD,359.00,0.00,0.00,0.00,359.00,,0.00,,2023-11-10 17:10:10 -0500,1,QC WEEKENDER,359.00,SQ5773996,,false,true,FULFILLED,Matthew Droz,30 Dunwatson Dr.,,Toronto,M1C3M2,ON,Canada,,,,,,,,,,,,ONLINE,Squarespace,02055,Matthew Droz,mattdroz123@gmail.com,'+1 (647) 533-3548,"I have read,  understand, and will abide by the CSSC policies.",,Yes,Stripe,ch_3OB2tyCK9oZyFSRq1GgXukbU
02054,jingnan1412@gmail.com,PAID,2023-11-10 17:08:45 -0500,FULFILLED,2023-11-11 22:00:38 -0500,CAD,359.00,0.00,0.00,0.00,359.00,,0.00,,2023-11-10 17:08:45 -0500,1,QC WEEKENDER,359.00,SQ5773996,,false,true,FULFILLED,Jingnan Wang,305 Av Jaillet,,Pointe-Claire,H9R 5Y3,QC,Canada,,,,,,,,,,,,ONLINE,Squarespace,02054,Jingnan Wang,jingnan1412@gmail.com,'+1 (438) 458-3667,"I have read,  understand, and will abide by the CSSC policies.",,Yes,Stripe,ch_3OB2scCK9oZyFSRq0QW68Yej
02053,livy.seely@gmail.com,PAID,2023-11-10 17:07:18 -0500,FULFILLED,2023-11-11 22:00:38 -0500,CAD,359.00,0.00,0.00,0.00,359.00,,0.00,,2023-11-10 17:07:18 -0500,1,QC WEEKENDER,359.00,SQ5773996,,false,true,FULFILLED,Liv Seely,13319,17 A ave,Surrey,V4A6L1,BC,Canada,,,,,,,,,,,,ONLINE,Squarespace,02053,Olivia Seely,livy.seely@gmail.com,1 (604) 802-0764,"I have read,  understand, and will abide by the CSSC policies.",,Yes,Stripe,ch_3OB2rCCK9oZyFSRq1Qnt2e0E
02052,jasminenwlam27@gmail.com,PAID,2023-11-10 17:06:49 -0500,FULFILLED,2023-11-11 22:00:38 -0500,CAD,718.00,0.00,0.00,0.00,718.00,,0.00,,2023-11-10 17:06:49 -0500,1,QC WEEKENDER,359.00,SQ5773996,,false,true,FULFILLED,Jasmine Lam,55 Denham Drive,,Richmond Hill,L4C 6H8,ON,Canada,,,,,,,,,,,,ONLINE,Squarespace,02052,Jc Lam,jasminenwlam27@gmail.com,1 (647) 527-3388,"I have read,  understand, and will abide by the CSSC policies.",,Yes,Stripe,ch_3OB2qjCK9oZyFSRq1XXOBxFl
02052,,,,,,,,,,,,,,,,1,QC WEEKENDER,359.00,SQ5773996,,false,true,FULFILLED,,,,,,,,,,,,,,,,,,,,,,Grace Lewis,jasminenwlam27@gmail.com,1 (909) 684-2031,"I have read,  understand, and will abide by the CSSC policies.",,Yes,,
02051,jakeb2010@hotmail.com,PAID,2023-11-10 17:06:08 -0500,FULFILLED,2023-11-11 22:00:38 -0500,CAD,359.00,0.00,0.00,0.00,359.00,,0.00,,2023-11-10 17:06:08 -0500,1,QC WEEKENDER,359.00,SQ5773996,,false,true,FULFILLED,Jake Brimo,Beacon,79,Montreal,H9J2E9,QC,Canada,,,,,,,,,,,,ONLINE,Squarespace,02051,Jake Brimo,jakeb2010@hotmail.com," (514) 518-5253","I have read,  understand, and will abide by the CSSC policies.",,Yes,Stripe,ch_3OB2q4CK9oZyFSRq0mJb8RMY
02050,arthurmalo.beaufils@gmail.com,PAID,2023-11-10 17:05:46 -0500,FULFILLED,2023-11-11 22:00:38 -0500,CAD,359.00,0.00,0.00,0.00,359.00,,0.00,,2023-11-10 17:05:46 -0500,1,QC WEEKENDER,359.00,SQ5773996,,false,true,FULFILLED,Frederic BEAUFILS,24 avenue du lycee francais,,Uccle,1180,Bruxelles Capitale,Belgium,,,,,,,,,,,,ONLINE,Squarespace,02050,ARTHUR BEAUFILS,arthurmalo.beaufils@gmail.com,1 (514) 913-6992,"I have read,  understand, and will abide by the CSSC policies.",,Yes,Stripe,ch_3OB2pjCK9oZyFSRq1ZQxVJvU
02049,benoit25112001@gmail.com,PAID,2023-11-10 17:04:54 -0500,FULFILLED,2023-11-11 22:00:38 -0500,CAD,359.00,0.00,0.00,0.00,359.00,,0.00,,2023-11-10 17:04:54 -0500,1,QC WEEKENDER,359.00,SQ5773996,,false,true,FULFILLED,Benoit Bisiaux,26 RUE NELSON MANDELA,,MARANGE SILVANGE,57535,Moselle,France,,,,,,,,,,,,ONLINE,Squarespace,02049,Benoit Bisiaux,benoit25112001@gmail.com,'+33 (060) 226-8657,"I have read,  understand, and will abide by the CSSC policies.",,Yes,Stripe,ch_3OB2osCK9oZyFSRq1T7pz3j3
02048,kaelenhansel@gmail.com,PAID,2023-11-10 17:04:35 -0500,FULFILLED,2023-11-11 22:00:38 -0500,CAD,359.00,0.00,0.00,0.00,359.00,,0.00,,2023-11-10 17:04:35 -0500,1,QC WEEKENDER,359.00,SQ5773996,,false,true,FULFILLED,Kaelen Hansel,7 Wilson Meadow Rd,,Bow,03304,NH,United States,,,,,,,,,,,,ONLINE,Squarespace,02048,Kaelen Hansel,kaelenhansel@gmail.com,'+1 (603) 404-3451,"I have read,  understand, and will abide by the CSSC policies.",,Yes,Stripe,ch_3OB2oZCK9oZyFSRq154kKcet
02047,brendon.mazurek@gmail.com,PAID,2023-11-10 17:03:31 -0500,FULFILLED,2023-11-11 22:00:37 -0500,CAD,359.00,0.00,0.00,0.00,359.00,,0.00,,2023-11-10 17:03:31 -0500,1,QC WEEKENDER,359.00,SQ5773996,,false,true,FULFILLED,Brendon Mazurek,780 Somerset Drive Southwest,,Calgary,T2Y 4A2,AB,Canada,,,,,,,,,,,,ONLINE,Squarespace,02047,Brendon Mazurek,brendon.mazurek@gmail.com,1 (403) 966-9684,"I have read,  understand, and will abide by the CSSC policies.",,Yes,Stripe,ch_3OB2nXCK9oZyFSRq1kDWed8v
02046,aliasenrech2003@gmail.com,PAID,2023-11-10 17:03:10 -0500,FULFILLED,2023-11-11 22:00:37 -0500,CAD,359.00,0.00,0.00,0.00,359.00,,0.00,,2023-11-10 17:03:10 -0500,1,QC WEEKENDER,359.00,SQ5773996,,false,true,FULFILLED,ANA ENRECH VERDE,Calle Caleruega 14,,Madrid,28033,,Spain,'+34 639601541,,,,,,,,,,,ONLINE,Squarespace,02046,Iñaki Alias Enrech,aliasenrech2003@gmail.com,1 (579) 421-0869,"I have read,  understand, and will abide by the CSSC policies.",,Yes,Stripe,ch_3OB2nCCK9oZyFSRq0X72YWM5
02045,chloebrassey@hotmail.com,PAID,2023-11-10 17:02:55 -0500,FULFILLED,2023-11-11 22:00:37 -0500,CAD,359.00,0.00,0.00,0.00,359.00,,0.00,,2023-11-10 17:02:55 -0500,1,QC WEEKENDER,359.00,SQ5773996,,false,true,FULFILLED,Chloe Brassey,131 Abbots Gardens,,London,N2 0jj,England,United Kingdom,,,,,,,,,,,,ONLINE,Squarespace,02045,Chloe Brassey,chloebrassey@hotmail.com,'+44 (075) 233-7980,"I have read,  understand, and will abide by the CSSC policies.",,Yes,Stripe,ch_3OB2myCK9oZyFSRq1qifIgEr
02044,jg19082016@gmail.com,PAID,2023-11-10 17:02:50 -0500,FULFILLED,2023-11-11 22:00:37 -0500,CAD,359.00,0.00,0.00,0.00,359.00,,0.00,,2023-11-10 17:02:50 -0500,1,QC WEEKENDER,359.00,SQ5773996,,false,true,FULFILLED,Frederik-Johannes Grandin,4089 Avenue Coloniale,,Montréal,H2W 2C2,QC,Canada,5144634717,,,,,,,,,,,ONLINE,Squarespace,02044,Frederik-Johannes Grandin,jg19082016@gmail.com,'+1 (514) 463-4717,"I have read,  understand, and will abide by the CSSC policies.",,Yes,Stripe,ch_3OB2mtCK9oZyFSRq1xkUsJPE
02043,lowanhansel@gmail.com,PAID,2023-11-10 17:02:31 -0500,FULFILLED,2023-11-11 22:00:37 -0500,CAD,359.00,0.00,0.00,0.00,359.00,,0.00,,2023-11-10 17:02:31 -0500,1,QC WEEKENDER,359.00,SQ5773996,,false,true,FULFILLED,Lowan Hansel,7 Wilson meadow rd bow,,Bow,03304,QC,Canada,,,,,,,,,,,,ONLINE,Squarespace,02043,Lowan Hansel,lowanhansel@gmail.com," (603) 404-3320","I have read,  understand, and will abide by the CSSC policies.",,Yes,Stripe,ch_3OB2mZCK9oZyFSRq0wMOjnXB
02042,alexacraig03@icloud.com,PAID,2023-11-10 17:02:04 -0500,FULFILLED,2023-11-11 22:00:37 -0500,CAD,359.00,0.00,0.00,0.00,359.00,,0.00,,2023-11-10 17:02:04 -0500,1,QC WEEKENDER,359.00,SQ5773996,,false,true,FULFILLED,Alexa Craig,39 Georges Druwe Cr,,Winnipeg,R3X2E5,MB,Canada,,,,,,,,,,,,ONLINE,Squarespace,02042,Alexa Craig,alexacraig03@icloud.com,1 (431) 777-5517,"I have read,  understand, and will abide by the CSSC policies.",,Yes,Stripe,ch_3OB2m8CK9oZyFSRq1Wfr19bf
02041,maarten.verbuijs@gmail.com,PAID,2023-11-10 17:02:01 -0500,FULFILLED,2023-11-11 22:00:37 -0500,CAD,359.00,0.00,0.00,0.00,359.00,,0.00,,2023-11-10 17:02:01 -0500,1,QC WEEKENDER,359.00,SQ5773996,,false,true,FULFILLED,Maarten Verbuijs,87 Rue Guillbault O,,Montreal,H2X1S2,QC,Canada,4385284398,,,,,,,,,,,ONLINE,Squarespace,02041,Maarten Verbuijs,maarten.verbuijs@gmail.com,'+1 (438) 528-4398,"I have read,  understand, and will abide by the CSSC policies.",,Yes,Stripe,ch_3OB2m6CK9oZyFSRq0bW0J0Jh
02040,vjhayter@gmail.com,PAID,2023-11-10 17:01:36 -0500,FULFILLED,2023-11-11 22:00:37 -0500,CAD,359.00,0.00,0.00,0.00,359.00,,0.00,,2023-11-10 17:01:36 -0500,1,QC WEEKENDER,359.00,SQ5773996,,false,true,FULFILLED,Eli Hayter,15 Maes Y Twr,,Mold,CH7 4DH,Wales,United Kingdom,,,,,,,,,,,,ONLINE,Squarespace,02040,Eli Hayter,vjhayter@gmail.com,1 (514) 577-3341,"I have read,  understand, and will abide by the CSSC policies.",,Yes,Stripe,ch_3OB2lhCK9oZyFSRq0oCTHAQc
02039,surina.rumpal@gmail.com,PAID,2023-11-10 17:01:30 -0500,FULFILLED,2023-11-11 22:00:37 -0500,CAD,359.00,0.00,0.00,0.00,359.00,,0.00,,2023-11-10 17:01:30 -0500,1,QC WEEKENDER,359.00,SQ5773996,,false,true,FULFILLED,Surina Rumpal,"Meridian, Nicol Road, Chalfont St Peter, Gerrards Cross, SL99NB",,Buckinghamshire,SL99NB,,United Kingdom,,,,,,,,,,,,ONLINE,Squarespace,02039,Surina Rumpal,surina.rumpal@gmail.com,'+1 (438) 924-5590,"I have read,  understand, and will abide by the CSSC policies.",,Yes,Stripe,ch_3OB2laCK9oZyFSRq1CzJB10f
02038,haraszti.laura@gmail.com,PAID,2023-11-10 17:01:26 -0500,FULFILLED,2023-11-11 22:00:37 -0500,CAD,359.00,0.00,0.00,0.00,359.00,,0.00,,2023-11-10 17:01:26 -0500,1,QC WEEKENDER,359.00,SQ5773996,,false,true,FULFILLED,Laura Haraszti,405 rue de la Concorde,,Montreal,H3A 0H1,QC,Canada,4387781485,,,,,,,,,,,ONLINE,Squarespace,02038,Laura Haraszti,haraszti.laura@gmail.com,1 (438) 778-1485,"I have read,  understand, and will abide by the CSSC policies.",,Yes,Stripe,ch_3OB2lWCK9oZyFSRq186AGH8o
02037,jadebenoit05@gmail.com,PAID,2023-11-10 17:01:10 -0500,FULFILLED,2023-11-11 22:00:37 -0500,CAD,359.00,0.00,0.00,0.00,359.00,,0.00,,2023-11-10 17:01:10 -0500,1,QC WEEKENDER,359.00,SQ5773996,,false,true,FULFILLED,Jade Benoit,4309 hotel de ville,,Montreal,H2W 2H3,QC,Canada,,,,,,,,,,,,ONLINE,Squarespace,02037,jade benoit,jadebenoit05@gmail.com,1 (514) 349-6945,"I have read,  understand, and will abide by the CSSC policies.",,Yes,Stripe,ch_3OB2lGCK9oZyFSRq0g62ypyv